"","Session_ID","Video_ID","Colour_code","Condition","Sat_ID","Fm_ID","Time","Date","Date2","Week","Combo_lek_week","Combo_lek","Female_max_id","Total_visit_duration_all_females","Total_visit_nr_all_females","Visit_occurrence","Total_nr_display","Interrupted_copulations_nr_OtherR","Interrupted_copulations_nr_OtherS","Interrupted_copulations_nr_PartnerR","Interrupted_copulations_nr_PartnerS","Successful_copulations_nr","Interrupted_total","Female_mount_max_id","Mount_nr","Female_max_crouching_id","Crouching_nr","Copulation_attempt","Copulation_nr","Total_successful_copulations","Co.display_total_nr_session","Total_copulation_nr","Co.display_total_duration_s_session","Co_disp_ord","Co_displ_occurrence","Co_disp_session","Single_display_total_duration_s_session","Single_display_to_satellite_total_nr_session","Single_display_to_both_total_nr_session","Single_display_to_both_total_duration_s_session","Paired_state_total_nr_session","Paired_state_total_duration_s_session","Lek_codisplay_nr","Lek_codisplay_dur_s","Lek_codisplay_occ","Cop_session","Lek_hierarchy","Copulation_occurrence_successful","Copulation_occurrence","Single_display_duration_mean_s_session","Single_display_duration_std_dev_session","Single_display_to_satellite_duration_mean_s_session","Single_display_to_satellite_duration_std_dev_session","Single_display_to_both_duration_mean_s_session","Single_display_to_both_duration_std_dev_session","Paired_state_duration_mean_s_session","Paired_state_duration_std_dev_session","Visits_longest_s","Session_nr"
"1","506_Fm1_a_Marginal","Lek2_2021_506_a","DbLb|LbY","Marginal",NA,"Fm1","a",506,1,"3","3_Lek2_3","3_Lek2",0,0,0,0,5,0,0,0,0,0,0,0,0,0,0,0,0,0,0,0,0,NA,0,0,0,0,0,0,0,0,0,0,0,0,1,0,0,NA,NA,NA,NA,NA,NA,NA,NA,0,1
"2","506_Fm1_a_Marginal","Lek2_2021_506_a","GLb|GY","Marginal",NA,"Fm1","a",506,1,"3","3_Lek2_3","3_Lek2",0,0,0,0,0,0,0,0,0,0,0,0,0,0,0,0,0,0,0,0,0,NA,0,0,451,0,0,0,0,0,0,0,0,0,3,0,0,64.4,45.91,NA,NA,NA,NA,NA,NA,0,1
"3","506_Fm1_a_Marginal","Lek2_2021_506_a","ODb|YG","Marginal",NA,"Fm1","a",506,1,"3","3_Lek2_3","3_Lek2",0,0,0,0,1,0,0,0,0,0,0,0,0,0,0,0,0,0,0,0,0,NA,0,0,0,0,0,0,0,0,0,0,0,0,2,0,0,NA,NA,NA,NA,NA,NA,NA,NA,0,1
"4","506_Fm1_m_Satellite","Lek1_2021_506_m","DbLb|DbP","Satellite",NA,"Fm1","m",506,1,"3","3_Lek1_3","3_Lek1",1,5.814,1,1,3,0,0,0,0,0,0,0,0,0,0,0,0,0,4,0,64,2,1,1,0,0,0,0,0,0,0,0,0,0,1,0,0,NA,NA,NA,NA,NA,NA,NA,NA,5.8,1
"5","506_Fm1_m_Satellite","Lek1_2021_506_m","GO|LbY","Satellite",NA,"Fm1","m",506,1,"3","3_Lek1_3","3_Lek1",1,50.441,7,1,6,0,0,0,0,0,0,0,0,0,0,0,0,0,48,0,779,1,1,1,814,11,1,16.338,6,1067.605,0,0,0,0,3,0,0,14.3083333333334,14.97,5.39,3.84,16.34,NA,203.73,62.7,15,1
"6","506_Fm1_m_Satellite","Lek1_2021_506_m","RG|LbDb","Satellite",NA,"Fm1","m",506,1,"3","3_Lek1_3","3_Lek1",0,0,0,0,1,0,0,0,0,0,0,0,0,0,0,0,0,0,0,0,0,0,0,1,0,0,0,0,0,0,0,0,0,0,2,0,0,NA,NA,NA,NA,NA,NA,NA,NA,0,1
"7","506_Fm2_a_Satellite","Lek3_2021_506_a","ODb|YDb","Satellite",NA,"Fm2","a",506,1,"3","3_Lek3_3","3_Lek3",0,0,0,0,3,0,0,0,0,0,0,0,0,0,0,0,0,0,0,0,0,0,0,1,0,0,0,0,0,0,0,0,0,0,3,0,0,NA,NA,NA,NA,NA,NA,NA,NA,0,1
"8","506_Fm2_a_Satellite","Lek3_2021_506_a","XO|XX","Satellite",NA,"Fm2","a",506,1,"3","3_Lek3_3","3_Lek3",0,0,0,0,0,0,0,0,0,0,0,0,0,0,0,0,0,0,0,0,0,0,0,1,0,0,0,0,0,0,0,0,0,0,2,0,0,NA,NA,NA,NA,NA,NA,NA,NA,0,1
"9","506_Fm2_a_Satellite","Lek3_2021_506_a","YO|OO","Satellite",NA,"Fm2","a",506,1,"3","3_Lek3_3","3_Lek3",0,0,0,0,4,0,0,0,0,0,0,0,0,0,0,0,0,0,14,0,266,1,1,1,856,19,2,40.784,7,356.589,0,0,0,0,1,0,0,18.37,16.38,19.78,18.21,20.39,NA,52.77,34.03,0,1
"10","506_Fm2_m_Marginal","Lek4_2021_506_m","DbLb|OY","Marginal",NA,"Fm2","m",506,1,"3","3_Lek4_3","3_Lek4",0,0,0,0,4,0,0,0,0,0,0,0,0,0,0,0,0,0,0,0,0,NA,0,0,0,0,0,0,0,0,0,0,0,0,3,0,0,NA,NA,NA,NA,NA,NA,NA,NA,0,1
"11","506_Fm2_m_Marginal","Lek4_2021_506_m","DbLb|RLb","Marginal",NA,"Fm2","m",506,1,"3","3_Lek4_3","3_Lek4",0,0,0,0,5,0,0,0,0,0,0,0,0,0,0,0,0,0,0,0,0,NA,0,0,0,0,0,0,0,0,0,0,0,0,1,0,0,NA,NA,NA,NA,NA,NA,NA,NA,0,1
"12","506_Fm2_m_Marginal","Lek4_2021_506_m","YO|OLB","Marginal",NA,"Fm2","m",506,1,"3","3_Lek4_3","3_Lek4",0,0,0,0,6,0,0,0,0,0,0,0,0,0,0,0,0,0,0,0,0,NA,0,0,0,0,0,0,0,0,0,0,0,0,2,0,0,NA,NA,NA,NA,NA,NA,NA,NA,0,1
"13","507_Fm1_a_Satellite","Lek1_2021_507_a","DbLb|DbP","Satellite",NA,"Fm1","a",507,2,"3","3_Lek1_3","3_Lek1",0,0,0,0,2,0,0,0,0,0,0,0,0,0,0,0,0,0,0,0,0,0,0,1,0,0,0,0,0,0,0,0,0,0,1,0,0,NA,NA,NA,NA,NA,NA,NA,NA,0,1
"14","507_Fm1_a_Satellite","Lek1_2021_507_a","GO|LbY","Satellite",NA,"Fm1","a",507,2,"3","3_Lek1_3","3_Lek1",0,0,0,0,5,0,0,0,0,0,0,0,0,0,0,0,0,0,22,0,328,1,1,1,1200,3,6,115.837,7,614.824,5,148.123,1,0,2,0,0,39.2333333333333,9.98166666666665,21.25,5.16,27.98,13.42,91.55,117.44,0,1
"15","507_Fm1_a_Satellite","Lek1_2021_507_a","RG|LbDb","Satellite",NA,"Fm1","a",507,2,"3","3_Lek1_3","3_Lek1",0,0,0,0,0,0,0,0,0,0,0,0,0,0,0,0,0,0,0,0,0,0,0,1,0,0,0,0,0,0,0,0,0,0,3,0,0,NA,NA,NA,NA,NA,NA,NA,NA,0,1
"16","507_Fm1_m_Marginal","Lek2_2021_507_m","DbLb|LbY","Marginal",NA,"Fm1","m",507,2,"3","3_Lek2_3","3_Lek2",0,0,0,0,6,0,0,0,0,0,0,0,0,0,0,0,0,0,0,0,0,NA,0,0,0,0,0,0,0,0,0,0,0,0,3,0,0,NA,NA,NA,NA,NA,NA,NA,NA,0,1
"17","507_Fm1_m_Marginal","Lek2_2021_507_m","GLb|GY","Marginal",NA,"Fm1","m",507,2,"3","3_Lek2_3","3_Lek2",0,0,0,0,0,0,0,0,0,0,0,0,0,0,0,0,0,0,0,0,0,NA,0,0,1602,0,0,0,0,0,0,0,0,0,1,0,0,320.39,333.69,NA,NA,NA,NA,NA,NA,0,1
"18","507_Fm1_m_Marginal","Lek2_2021_507_m","ODb|YG","Marginal",NA,"Fm1","m",507,2,"3","3_Lek2_3","3_Lek2",0,0,0,0,0,0,0,0,0,0,0,0,0,0,0,0,0,0,0,0,0,NA,0,0,0,0,0,0,0,0,0,0,0,0,2,0,0,NA,NA,NA,NA,NA,NA,NA,NA,0,1
"19","507_Fm2_a_Marginal","Lek4_2021_507_a","DbLb|OY","Marginal",NA,"Fm2","a",507,2,"3","3_Lek4_3","3_Lek4",0,0,0,0,5,0,0,0,0,0,0,0,0,0,0,0,0,0,0,0,0,NA,0,0,0,0,0,0,0,0,0,0,0,0,2,0,0,NA,NA,NA,NA,NA,NA,NA,NA,0,1
"20","507_Fm2_a_Marginal","Lek4_2021_507_a","DbLb|RLb","Marginal",NA,"Fm2","a",507,2,"3","3_Lek4_3","3_Lek4",0,0,0,0,2,0,0,0,0,0,0,0,0,0,0,0,0,0,0,0,0,NA,0,0,0,0,0,0,0,0,0,0,0,0,3,0,0,NA,NA,NA,NA,NA,NA,NA,NA,0,1
"21","507_Fm2_a_Marginal","Lek4_2021_507_a","YO|OLB","Marginal",NA,"Fm2","a",507,2,"3","3_Lek4_3","3_Lek4",0,0,0,0,6,0,0,0,0,0,0,0,0,0,0,0,0,0,0,0,0,NA,0,0,1663,0,0,0,0,0,0,0,0,0,1,0,0,35.86,34.05,NA,NA,NA,NA,NA,NA,0,1
"22","507_Fm2_m_Satellite","Lek3_2021_507_m","ODb|YDb","Satellite",NA,"Fm2","m",507,2,"3","3_Lek3_3","3_Lek3",1,134.749,3,1,5,0,0,0,0,0,0,0,0,0,0,0,0,0,34,0,996,1,1,1,612,7,0,0,3,1145.485,0,0,0,0,3,0,0,16.8925,16.89,7.1,8.66,NA,NA,381.83,NA,80.5,1
"23","507_Fm2_m_Satellite","Lek3_2021_507_m","XO|XX","Satellite",NA,"Fm2","m",507,2,"3","3_Lek3_3","3_Lek3",0,0,0,0,0,0,0,0,0,0,0,0,0,0,0,0,0,0,1,0,23,3,1,1,168,2,0,0,0,0,0,0,0,0,1,0,0,84.06,NA,84.06,NA,NA,NA,NA,NA,0,1
"24","507_Fm2_m_Satellite","Lek3_2021_507_m","YO|OO","Satellite",NA,"Fm2","m",507,2,"3","3_Lek3_3","3_Lek3",0,0,0,0,3,0,0,0,0,0,0,0,0,0,0,0,0,0,2,0,30,2,1,1,68,2,0,0,0,0,0,0,0,0,2,0,0,34.04,40.72,34.04,40.72,NA,NA,NA,NA,0,1
"25","508_Fm1_m_Satellite","Lek1_2021_508_m","DbLb|DbP","Satellite",NA,"Fm1","m",508,3,"3","3_Lek1_3","3_Lek1",0,0,0,0,4,0,0,0,0,0,0,0,0,0,0,0,0,0,0,0,0,0,0,1,0,0,0,0,0,0,0,0,0,0,1,0,0,NA,NA,NA,NA,NA,NA,NA,NA,0,1
"26","508_Fm1_m_Satellite","Lek1_2021_508_m","GO|LbY","Satellite",NA,"Fm1","m",508,3,"3","3_Lek1_3","3_Lek1",0,0,0,0,6,0,0,0,0,0,0,0,0,0,0,0,0,0,9,0,110,1,1,1,1620,16,4,272.919,7,130.919,0,0,0,0,2,0,0,46.05,28.5,44.91,46.27,68.23,15.78,26.84,1,0,1
"27","508_Fm1_m_Satellite","Lek1_2021_508_m","RG|LbDb","Satellite",NA,"Fm1","m",508,3,"3","3_Lek1_3","3_Lek1",0,0,0,0,0,0,0,0,0,0,0,0,0,0,0,0,0,0,0,0,0,0,0,1,0,0,0,0,0,0,0,0,0,0,3,0,0,NA,NA,NA,NA,NA,NA,NA,NA,0,1
"28","508_Fm2_m_Marginal","Lek4_2021_508_m","DbLb|OY","Marginal",NA,"Fm2","m",508,3,"3","3_Lek4_3","3_Lek4",0,0,0,0,3,0,0,0,0,0,0,0,0,0,0,0,0,0,0,0,0,NA,0,0,0,0,0,0,0,0,0,0,0,0,2,0,0,NA,NA,NA,NA,NA,NA,NA,NA,0,1
"29","508_Fm2_m_Marginal","Lek4_2021_508_m","DbLb|RLb","Marginal",NA,"Fm2","m",508,3,"3","3_Lek4_3","3_Lek4",0,0,0,0,0,0,0,0,0,0,0,0,0,0,0,0,0,0,0,0,0,NA,0,0,0,0,0,0,0,0,0,0,0,0,1,0,0,NA,NA,NA,NA,NA,NA,NA,NA,0,1
"30","508_Fm2_m_Marginal","Lek4_2021_508_m","YO|OLB","Marginal",NA,"Fm2","m",508,3,"3","3_Lek4_3","3_Lek4",0,0,0,0,6,0,0,0,0,0,0,0,0,0,0,0,0,0,0,0,0,NA,0,0,1707,0,0,0,0,0,0,0,0,0,3,0,0,19.85,22.19,NA,NA,NA,NA,NA,NA,0,1
"31","509_Fm1_a_Marginal","Lek1_2021_509_a","DbLb|DbP","Marginal",NA,"Fm1","a",509,4,"3","3_Lek1_3","3_Lek1",0,0,0,0,5,0,0,0,0,0,0,0,0,0,0,0,0,0,0,0,0,NA,0,0,0,0,0,0,0,0,0,0,0,0,3,0,0,NA,NA,NA,NA,NA,NA,NA,NA,0,1
"32","509_Fm1_a_Marginal","Lek1_2021_509_a","GO|LbY","Marginal",NA,"Fm1","a",509,4,"3","3_Lek1_3","3_Lek1",0,0,0,0,5,0,0,0,0,0,0,0,0,0,0,0,0,0,0,0,0,NA,0,0,1748,0,0,0,0,0,0,0,0,0,1,0,0,53.6,42.01,NA,NA,NA,NA,NA,NA,0,1
"33","509_Fm1_a_Marginal","Lek1_2021_509_a","RG|LbDb","Marginal",NA,"Fm1","a",509,4,"3","3_Lek1_3","3_Lek1",0,0,0,0,0,0,0,0,0,0,0,0,0,0,0,0,0,0,0,0,0,NA,0,0,0,0,0,0,0,0,0,0,0,0,2,0,0,NA,NA,NA,NA,NA,NA,NA,NA,0,1
"34","509_Fm1_m_Satellite","Lek2_2021_509_m","DbLb|LbY","Satellite",NA,"Fm1","m",509,4,"3","3_Lek2_3","3_Lek2",0,0,0,0,6,0,0,0,0,0,0,0,0,0,0,0,0,0,0,0,0,0,0,1,0,0,0,0,0,0,0,0,0,0,2,0,0,NA,NA,NA,NA,NA,NA,NA,NA,0,1
"35","509_Fm1_m_Satellite","Lek2_2021_509_m","GLb|GY","Satellite",NA,"Fm1","m",509,4,"3","3_Lek2_3","3_Lek2",0,0,0,0,5,0,0,0,0,0,0,0,0,0,0,0,0,0,10,0,738,1,1,1,354,4,2,64.269,4,1031.107,0,0,0,0,1,0,0,24.3475,12.58,51.76,28.84,32.13,15.42,350.02,27.14,0,1
"36","509_Fm1_m_Satellite","Lek2_2021_509_m","ODb|YG","Satellite",NA,"Fm1","m",509,4,"3","3_Lek2_3","3_Lek2",0,0,0,0,0,0,0,0,0,0,0,0,0,0,0,0,0,0,0,0,0,0,0,1,377,6,1,45.498,0,0,0,0,0,0,3,0,0,37.9133333333333,19.11,32.27,34.06,45.5,NA,NA,NA,0,1
"37","509_Fm2_a_Satellite","Lek4_2021_509_a","DbLb|OY","Satellite",NA,"Fm2","a",509,4,"3","3_Lek4_3","3_Lek4",0,0,0,0,5,0,0,0,0,0,0,0,0,0,0,0,0,0,1,0,3,2,1,1,37,4,0,0,0,0,0,0,0,2,3,0,0,9.37,10.89,9.37,10.89,NA,NA,NA,NA,0,1
"38","509_Fm2_a_Satellite","Lek4_2021_509_a","DbLb|RLb","Satellite",NA,"Fm2","a",509,4,"3","3_Lek4_3","3_Lek4",0,0,0,0,1,0,0,0,0,0,0,0,0,0,0,0,0,0,0,0,0,0,0,1,0,0,0,0,0,0,0,0,0,2,2,0,0,NA,NA,NA,NA,NA,NA,NA,NA,0,1
"39","509_Fm2_a_Satellite","Lek4_2021_509_a","YO|OLB","Satellite",NA,"Fm2","a",509,4,"3","3_Lek4_3","3_Lek4",1,139.05,6,1,6,0,0,0,0,1,0,0,0,0,0,1,1,1,90,1,1214,1,1,1,353,6,0,0,8,1491.677,0,0,0,2,1,1,1,22.8125,9.8525,22.43,17.58,NA,NA,117.995,77.05,61.2,1
"40","509_Fm2_m_Marginal","Lek3_2021_509_m","ODb|YDb","Marginal",NA,"Fm2","m",509,4,"3","3_Lek3_3","3_Lek3",0,0,0,0,6,0,0,0,0,0,0,0,0,0,0,0,0,0,0,0,0,NA,0,0,3034,0,0,0,0,0,0,0,0,0,1,0,0,54.83,43.54,NA,NA,NA,NA,NA,NA,0,1
"41","509_Fm2_m_Marginal","Lek3_2021_509_m","XO|XX","Marginal",NA,"Fm2","m",509,4,"3","3_Lek3_3","3_Lek3",0,0,0,0,4,0,0,0,0,0,0,0,0,0,0,0,0,0,0,0,0,NA,0,0,0,0,0,0,0,0,0,0,0,0,2,0,0,NA,NA,NA,NA,NA,NA,NA,NA,0,1
"42","509_Fm2_m_Marginal","Lek3_2021_509_m","YO|OO","Marginal",NA,"Fm2","m",509,4,"3","3_Lek3_3","3_Lek3",0,0,0,0,4,0,0,0,0,0,0,0,0,0,0,0,0,0,0,0,0,NA,0,0,0,0,0,0,0,0,0,0,0,0,3,0,0,NA,NA,NA,NA,NA,NA,NA,NA,0,1
"43","510_Fm1_a_Marginal","Lek1_2021_510_a","DbLb|DbP","Marginal",NA,"Fm1","a",510,5,"3","3_Lek1_3","3_Lek1",0,0,0,0,5,0,0,0,0,0,0,0,0,0,0,0,0,0,0,0,0,NA,0,0,0,0,0,0,0,0,0,0,0,0,1,0,0,NA,NA,NA,NA,NA,NA,NA,NA,0,1
"44","510_Fm1_a_Marginal","Lek1_2021_510_a","GO|LbY","Marginal",NA,"Fm1","a",510,5,"3","3_Lek1_3","3_Lek1",0,0,0,0,3,0,0,0,0,0,0,0,0,0,0,0,0,0,0,0,0,NA,0,0,1714,0,0,0,0,0,0,0,0,0,2,0,0,46.05,70.72,NA,NA,NA,NA,NA,NA,0,1
"45","510_Fm1_a_Marginal","Lek1_2021_510_a","RG|LbDb","Marginal",NA,"Fm1","a",510,5,"3","3_Lek1_3","3_Lek1",0,0,0,0,1,0,0,0,0,0,0,0,0,0,0,0,0,0,0,0,0,NA,0,0,0,0,0,0,0,0,0,0,0,0,3,0,0,NA,NA,NA,NA,NA,NA,NA,NA,0,1
"46","510_Fm1_m_Satellite","Lek2_2021_510_m","DbLb|LbY","Satellite",NA,"Fm1","m",510,5,"3","3_Lek2_3","3_Lek2",0,0,0,0,6,0,0,0,0,0,0,0,0,0,0,0,0,0,0,0,0,NA,0,0,0,0,0,0,0,0,0,0,0,0,3,0,0,NA,NA,NA,NA,NA,NA,NA,NA,0,1
"47","510_Fm1_m_Satellite","Lek2_2021_510_m","GLb|GY","Satellite",NA,"Fm1","m",510,5,"3","3_Lek2_3","3_Lek2",0,0,0,0,1,0,0,0,0,0,0,0,0,0,0,0,0,0,0,0,0,NA,0,0,1616,10,1,4.749,0,0,0,0,0,0,1,0,0,47.8366666666667,78.08,32.34,25.18,4.75,NA,NA,NA,0,1
"48","510_Fm1_m_Satellite","Lek2_2021_510_m","ODb|YG","Satellite",NA,"Fm1","m",510,5,"3","3_Lek2_3","3_Lek2",0,0,0,0,0,0,0,0,0,0,0,0,0,0,0,0,0,0,0,0,0,NA,0,0,0,0,0,0,0,0,0,0,0,0,2,0,0,NA,NA,NA,NA,NA,NA,NA,NA,0,1
"49","510_Fm2_a_Satellite","Lek4_2021_510_a","DbLb|OY","Satellite",NA,"Fm2","a",510,5,"3","3_Lek4_3","3_Lek4",0,0,0,0,4,0,0,0,0,0,0,0,0,0,0,0,0,0,0,0,0,0,0,1,0,0,0,0,0,0,0,0,0,2,2,0,0,NA,NA,NA,NA,NA,NA,NA,NA,0,1
"50","510_Fm2_a_Satellite","Lek4_2021_510_a","DbLb|RLb","Satellite",NA,"Fm2","a",510,5,"3","3_Lek4_3","3_Lek4",0,0,0,0,2,0,0,0,0,0,0,0,0,0,0,0,0,0,0,0,0,0,0,1,0,0,0,0,0,0,0,0,0,2,3,0,0,NA,NA,NA,NA,NA,NA,NA,NA,0,1
"51","510_Fm2_a_Satellite","Lek4_2021_510_a","YO|OLB","Satellite",NA,"Fm2","a",510,5,"3","3_Lek4_3","3_Lek4",1,93.393,3,1,5,0,0,0,1,0,1,0,0,1,2,1,1,0,67,1,1084,1,1,1,334,5,0,0,7,1312.742,1,13.996,1,2,1,0,1,10.27,8.365,12.5,2.12,NA,NA,157.86,261.36,71,1
"52","510_Fm2_m_Marginal","Lek3_2021_510_m","ODb|YDb","Marginal",NA,"Fm2","m",510,5,"3","3_Lek3_3","3_Lek3",3,353.437,11,1,6,0,0,0,0,3,0,1,1,1,15,4,3,3,0,3,0,NA,0,0,1697,0,0,0,0,0,0,0,0,1,3,1,1,23.78,21.73,NA,NA,NA,NA,NA,NA,140.3,1
"53","510_Fm2_m_Marginal","Lek3_2021_510_m","XO|XX","Marginal",NA,"Fm2","m",510,5,"3","3_Lek3_3","3_Lek3",0,0,0,0,1,0,0,0,0,0,0,0,0,0,0,0,0,0,0,0,0,NA,0,0,0,0,0,0,0,0,0,0,0,1,2,0,0,NA,NA,NA,NA,NA,NA,NA,NA,0,1
"54","510_Fm2_m_Marginal","Lek3_2021_510_m","YO|OO","Marginal",NA,"Fm2","m",510,5,"3","3_Lek3_3","3_Lek3",0,0,0,0,0,0,0,0,0,0,0,0,0,0,0,0,0,0,0,0,0,NA,0,0,0,0,0,0,0,0,0,0,0,1,1,0,0,NA,NA,NA,NA,NA,NA,NA,NA,0,1
"55","511_Fm1_a_Marginal","Lek1_2021_511_a","DbLb|DbP","Marginal",NA,"Fm1","a",511,6,"3","3_Lek1_3","3_Lek1",0,0,0,0,4,0,0,0,0,0,0,0,0,0,0,0,0,0,0,0,0,NA,0,0,0,0,0,0,0,0,0,0,0,0,1,0,0,NA,NA,NA,NA,NA,NA,NA,NA,0,1
"56","511_Fm1_a_Marginal","Lek2_2021_511_a","DbLb|LbY","Marginal",NA,"Fm1","a",511,6,"3","3_Lek2_3","3_Lek2",0,0,0,0,6,0,0,0,0,0,0,0,0,0,0,0,0,0,0,0,0,NA,0,0,0,0,0,0,0,0,0,0,0,0,3,0,0,NA,NA,NA,NA,NA,NA,NA,NA,0,1
"57","511_Fm1_a_Marginal","Lek2_2021_511_a","GLb|GY","Marginal",NA,"Fm1","a",511,6,"3","3_Lek2_3","3_Lek2",0,0,0,0,2,0,0,0,0,0,0,0,0,0,0,0,0,0,0,0,0,NA,0,0,0,0,0,0,0,0,0,0,0,0,2,0,0,NA,NA,NA,NA,NA,NA,NA,NA,0,1
"58","511_Fm1_a_Marginal","Lek1_2021_511_a","GO|LbY","Marginal",NA,"Fm1","a",511,6,"3","3_Lek1_3","3_Lek1",0,0,0,0,6,0,0,0,0,0,0,0,0,0,0,0,0,0,0,0,0,NA,0,0,1774,0,0,0,0,0,0,0,0,0,2,0,0,69.38,117.71,NA,NA,NA,NA,NA,NA,0,1
"59","511_Fm1_a_Marginal","Lek2_2021_511_a","ODb|YG","Marginal",NA,"Fm1","a",511,6,"3","3_Lek2_3","3_Lek2",0,0,0,0,0,0,0,0,0,0,0,0,0,0,0,0,0,0,0,0,0,NA,0,0,0,0,0,0,0,0,0,0,0,0,1,0,0,NA,NA,NA,NA,NA,NA,NA,NA,0,1
"60","511_Fm1_a_Marginal","Lek1_2021_511_a","RG|LbDb","Marginal",NA,"Fm1","a",511,6,"3","3_Lek1_3","3_Lek1",0,0,0,0,0,0,0,0,0,0,0,0,0,0,0,0,0,0,0,0,0,NA,0,0,0,0,0,0,0,0,0,0,0,0,3,0,0,NA,NA,NA,NA,NA,NA,NA,NA,0,1
"61","511_Fm1_m_Satellite","Lek2_2021_511_m","DbLb|LbY","Satellite",NA,"Fm1","m",511,6,"3","3_Lek2_3","3_Lek2",0,0,0,0,6,0,0,0,0,0,0,0,0,0,0,0,0,0,0,0,0,0,0,1,0,0,0,0,0,0,0,0,0,0,3,0,0,NA,NA,NA,NA,NA,NA,NA,NA,0,1
"62","511_Fm1_m_Satellite","Lek2_2021_511_m","GLb|GY","Satellite",NA,"Fm1","m",511,6,"3","3_Lek2_3","3_Lek2",0,0,0,0,4,0,0,0,0,0,0,0,0,0,0,0,0,0,6,0,311,1,1,1,1230,12,3,200.498,2,350.86,0,0,0,0,1,0,0,27.0533333333333,32.6075,47.81,106.31,66.83,NA,175.43,NA,0,1
"63","511_Fm1_m_Satellite","Lek2_2021_511_m","ODb|YG","Satellite",NA,"Fm1","m",511,6,"3","3_Lek2_3","3_Lek2",0,0,0,0,0,0,0,0,0,0,0,0,0,0,0,0,0,0,0,0,0,0,0,1,0,0,0,0,0,0,0,0,0,0,2,0,0,NA,NA,NA,NA,NA,NA,NA,NA,0,1
"64","511_Fm2_a_Satellite","Lek4_2021_511_a","DbLb|OY","Satellite",NA,"Fm2","a",511,6,"3","3_Lek4_3","3_Lek4",0,0,0,0,3,0,0,0,0,0,0,0,0,0,0,0,0,0,0,0,0,0,0,1,0,0,0,0,0,0,0,0,0,0,2,0,0,NA,NA,NA,NA,NA,NA,NA,NA,0,1
"65","511_Fm2_a_Satellite","Lek4_2021_511_a","DbLb|RLb","Satellite",NA,"Fm2","a",511,6,"3","3_Lek4_3","3_Lek4",0,0,0,0,2,0,0,0,0,0,0,0,0,0,0,0,0,0,0,0,0,0,0,1,0,0,0,0,0,0,0,0,0,0,3,0,0,NA,NA,NA,NA,NA,NA,NA,NA,0,1
"66","511_Fm2_a_Satellite","Lek3_2021_511_a","ODb|YDb","Satellite",NA,"Fm2","a",511,6,"3","3_Lek3_3","3_Lek3",2,936.625,9,1,6,0,0,0,0,0,0,0,0,1,2,0,0,0,12,0,1117,1,1,1,575,6,0,0,4,1438.32,0,0,0,0,2,0,0,31.43,33.7325,20.62,27.55,NA,NA,286.98,713.8,431.3,1
"67","511_Fm2_a_Satellite","Lek3_2021_511_a","XO|XX","Satellite",NA,"Fm2","a",511,6,"3","3_Lek3_3","3_Lek3",0,0,0,0,0,0,0,0,0,0,0,0,0,0,0,0,0,0,0,0,0,0,0,1,0,0,0,0,0,0,0,0,0,0,3,0,0,NA,NA,NA,NA,NA,NA,NA,NA,0,1
"68","511_Fm2_a_Satellite","Lek4_2021_511_a","YO|OLB","Satellite",NA,"Fm2","a",511,6,"3","3_Lek4_3","3_Lek4",0,0,0,0,6,0,0,0,0,0,0,0,0,0,0,0,0,0,57,0,1187,1,1,1,670,0,0,0,4,1694.824,4,53.697,1,0,1,0,0,20.585,24.29,NA,NA,NA,NA,423.71,NA,0,1
"69","511_Fm2_a_Satellite","Lek3_2021_511_a","YO|OO","Satellite",NA,"Fm2","a",511,6,"3","3_Lek3_3","3_Lek3",1,28.729,1,1,0,0,0,0,0,0,0,0,0,0,0,0,0,0,0,0,0,0,0,1,0,0,0,0,0,0,0,0,0,0,1,0,0,NA,NA,NA,NA,NA,NA,NA,NA,28.7,1
"70","511_Fm2_m_Marginal","Lek3_2021_511_m","ODb|YDb","Marginal",NA,"Fm2","m",511,6,"3","3_Lek3_3","3_Lek3",3,753.096,13,1,6,0,0,0,0,3,0,0,0,1,14,3,3,3,0,3,0,NA,0,0,0,0,0,0,0,0,0,0,0,1,2,1,1,NA,NA,NA,NA,NA,NA,NA,NA,330.3,1
"71","511_Fm2_m_Marginal","Lek3_2021_511_m","XO|XX","Marginal",NA,"Fm2","m",511,6,"3","3_Lek3_3","3_Lek3",0,0,0,0,1,0,0,0,0,0,0,0,0,0,0,0,0,0,0,0,0,NA,0,0,0,0,0,0,0,0,0,0,0,1,3,0,0,NA,NA,NA,NA,NA,NA,NA,NA,0,1
"72","511_Fm2_m_Marginal","Lek3_2021_511_m","YO|OO","Marginal",NA,"Fm2","m",511,6,"3","3_Lek3_3","3_Lek3",0,0,0,0,1,0,0,0,0,0,0,0,0,0,0,0,0,0,0,0,0,NA,0,0,0,0,0,0,0,0,0,0,0,1,1,0,0,NA,NA,NA,NA,NA,NA,NA,NA,0,1
"73","512_Fm1_a_Satellite","Lek2_2021_512_a","ODb|YG","Satellite",NA,"Fm1","a",512,7,"4","2_Lek2_4","2_Lek2",0,0,0,0,0,0,0,0,0,0,0,0,0,0,0,0,0,0,0,0,0,NA,0,0,0,0,0,0,0,0,0,0,0,0,1,0,0,NA,NA,NA,NA,NA,NA,NA,NA,0,1
"74","512_Fm1_a_Satellite","Lek2_2021_512_a","RG|LbDb","Satellite",NA,"Fm1","a",512,7,"4","2_Lek2_4","2_Lek2",0,0,0,0,4,0,0,0,0,0,0,0,0,0,0,0,0,0,0,0,0,NA,0,0,0,0,0,0,0,0,0,0,0,0,2,0,0,NA,NA,NA,NA,NA,NA,NA,NA,0,1
"75","512_Fm1_a_Satellite","Lek2_2021_512_a","YO|OO","Satellite",NA,"Fm1","a",512,7,"4","2_Lek2_4","2_Lek2",0,0,0,0,6,0,0,0,0,0,0,0,0,0,0,0,0,0,0,0,0,NA,0,0,0,0,0,0,0,0,0,0,0,0,3,0,0,NA,NA,NA,NA,NA,NA,NA,NA,0,1
"76","512_Fm1_m_Marginal","Lek1_2021_512_m","DbLb|RLb","Marginal",NA,"Fm1","m",512,7,"4","2_Lek1_4","2_Lek1",0,0,0,0,2,0,0,0,0,0,0,0,0,0,0,0,0,0,0,0,0,NA,0,0,1727,0,0,0,0,0,0,0,0,0,1,0,0,42.12,30.67,NA,NA,NA,NA,NA,NA,0,1
"77","512_Fm1_m_Marginal","Lek1_2021_512_m","GLb|GY","Marginal",NA,"Fm1","m",512,7,"4","2_Lek1_4","2_Lek1",0,0,0,0,4,0,0,0,0,0,0,0,0,0,0,0,0,0,0,0,0,NA,0,0,0,0,0,0,0,0,0,0,0,0,3,0,0,NA,NA,NA,NA,NA,NA,NA,NA,0,1
"78","512_Fm1_m_Marginal","Lek1_2021_512_m","XO|XX","Marginal",NA,"Fm1","m",512,7,"4","2_Lek1_4","2_Lek1",0,0,0,0,0,0,0,0,0,0,0,0,0,0,0,0,0,0,0,0,0,NA,0,0,0,0,0,0,0,0,0,0,0,0,2,0,0,NA,NA,NA,NA,NA,NA,NA,NA,0,1
"79","512_Fm2_a_Marginal","Lek3_2021_512_a","DbLb|DbP","Marginal",NA,"Fm2","a",512,7,"4","2_Lek3_4","2_Lek3",4,600.285,10,1,6,0,0,0,0,2,0,1,1,1,8,3,2,2,0,2,0,NA,0,0,1567,0,0,0,0,0,0,0,0,1,2,1,1,33.92,27.34,NA,NA,NA,NA,NA,NA,190.3,1
"80","512_Fm2_a_Marginal","Lek3_2021_512_a","DbLb|OY","Marginal",NA,"Fm2","a",512,7,"4","2_Lek3_4","2_Lek3",0,0,0,0,4,0,0,0,0,0,0,0,0,0,0,0,0,0,0,0,0,NA,0,0,0,0,0,0,0,0,0,0,0,1,3,0,0,NA,NA,NA,NA,NA,NA,NA,NA,0,1
"81","512_Fm2_a_Marginal","Lek3_2021_512_a","ODb|YDb","Marginal",NA,"Fm2","a",512,7,"4","2_Lek3_4","2_Lek3",0,0,0,0,6,0,0,0,0,0,0,0,0,0,0,0,0,0,0,0,0,NA,0,0,0,0,0,0,0,0,0,0,0,1,1,0,0,NA,NA,NA,NA,NA,NA,NA,NA,0,1
"82","512_Fm2_m_Satellite","Lek4_2021_512_m","DbLb|LbY","Satellite",NA,"Fm2","m",512,7,"4","2_Lek4_4","2_Lek4",0,0,0,0,1,0,0,0,0,0,0,0,0,0,0,0,0,0,0,0,0,0,0,1,0,0,0,0,0,0,0,0,0,0,3,0,0,NA,NA,NA,NA,NA,NA,NA,NA,0,1
"83","512_Fm2_m_Satellite","Lek4_2021_512_m","GO|LbY","Satellite",NA,"Fm2","m",512,7,"4","2_Lek4_4","2_Lek4",1,40.456,2,1,5,0,0,0,0,0,0,0,0,0,0,0,0,0,5,0,37,2,1,1,23,3,0,0,0,0,0,0,0,0,2,0,0,7.79,4.21,7.79,4.21,NA,NA,NA,NA,23,1
"84","512_Fm2_m_Satellite","Lek4_2021_512_m","YO|OLB","Satellite",NA,"Fm2","m",512,7,"4","2_Lek4_4","2_Lek4",2,276.325,8,1,6,0,0,0,0,0,0,0,0,1,1,0,0,0,61,0,1073,1,1,1,511,0,1,9.192,3,1256.799,0,0,0,0,1,0,0,18.7,20.425,NA,NA,9.19,NA,389.73,252.36,130.5,1
"85","513_Fm1_a_Marginal","Lek1_2021_513_a","DbLb|RLb","Marginal",NA,"Fm1","a",513,8,"4","2_Lek1_4","2_Lek1",0,0,0,0,4,0,0,0,0,0,0,0,0,0,0,0,0,0,0,0,0,NA,0,0,1703,0,0,0,0,0,0,0,0,0,1,0,0,35.88,44.68,NA,NA,NA,NA,NA,NA,0,1
"86","513_Fm1_a_Marginal","Lek1_2021_513_a","GLb|GY","Marginal",NA,"Fm1","a",513,8,"4","2_Lek1_4","2_Lek1",0,0,0,0,3,0,0,0,0,0,0,0,0,0,0,0,0,0,0,0,0,NA,0,0,0,0,0,0,0,0,0,0,0,0,3,0,0,NA,NA,NA,NA,NA,NA,NA,NA,0,1
"87","513_Fm1_a_Marginal","Lek1_2021_513_a","XO|XX","Marginal",NA,"Fm1","a",513,8,"4","2_Lek1_4","2_Lek1",0,0,0,0,0,0,0,0,0,0,0,0,0,0,0,0,0,0,0,0,0,NA,0,0,0,0,0,0,0,0,0,0,0,0,2,0,0,NA,NA,NA,NA,NA,NA,NA,NA,0,1
"88","513_Fm1_m_Satellite","Lek2_2021_513_m","ODb|YG","Satellite",NA,"Fm1","m",513,8,"4","2_Lek2_4","2_Lek2",0,0,0,0,2,0,0,0,0,0,0,0,0,0,0,0,0,0,0,0,0,NA,0,0,0,0,0,0,0,0,0,0,0,0,1,0,0,NA,NA,NA,NA,NA,NA,NA,NA,0,1
"89","513_Fm1_m_Satellite","Lek2_2021_513_m","RG|LbDb","Satellite",NA,"Fm1","m",513,8,"4","2_Lek2_4","2_Lek2",0,0,0,0,5,0,0,0,0,0,0,0,0,0,0,0,0,0,0,0,0,NA,0,0,0,0,0,0,0,0,0,0,0,0,2,0,0,NA,NA,NA,NA,NA,NA,NA,NA,0,1
"90","513_Fm1_m_Satellite","Lek2_2021_513_m","YO|OO","Satellite",NA,"Fm1","m",513,8,"4","2_Lek2_4","2_Lek2",0,0,0,0,6,0,0,0,0,0,0,0,0,0,0,0,0,0,0,0,0,NA,0,0,0,0,0,0,0,0,0,0,0,0,3,0,0,NA,NA,NA,NA,NA,NA,NA,NA,0,1
"91","513_Fm2_a_Satellite","Lek4_2021_513_a","DbLb|LbY","Satellite",NA,"Fm2","a",513,8,"4","2_Lek4_4","2_Lek4",0,0,0,0,0,0,0,0,0,0,0,0,0,0,0,0,0,0,0,0,0,0,0,1,0,0,0,0,0,0,0,0,0,0,3,0,0,NA,NA,NA,NA,NA,NA,NA,NA,0,1
"92","513_Fm2_a_Satellite","Lek4_2021_513_a","GO|LbY","Satellite",NA,"Fm2","a",513,8,"4","2_Lek4_4","2_Lek4",0,0,0,0,2,0,0,0,0,0,0,0,0,0,0,0,0,0,4,0,47,2,1,1,19,2,0,0,0,0,0,0,0,0,2,0,0,9.745,NA,9.745,NA,NA,NA,NA,NA,0,1
"93","513_Fm2_a_Satellite","Lek4_2021_513_a","YO|OLB","Satellite",NA,"Fm2","a",513,8,"4","2_Lek4_4","2_Lek4",0,0,0,0,6,0,0,0,0,0,0,0,0,0,0,0,0,0,31,0,671,1,1,1,1014,2,0,0,4,1059.923,0,0,0,0,1,0,0,14.345,18.965,8.91,NA,NA,NA,304.35,153.62,0,1
"94","513_Fm2_m_Marginal","Lek3_2021_513_m","DbLb|DbP","Marginal",NA,"Fm2","m",513,8,"4","2_Lek3_4","2_Lek3",1,32.489,2,1,6,0,0,0,0,0,0,0,0,0,0,0,0,0,0,0,0,NA,0,0,1747,0,0,0,0,0,0,0,0,0,1,0,0,23.11,30.37,NA,NA,NA,NA,NA,NA,18,1
"95","513_Fm2_m_Marginal","Lek3_2021_513_m","DbLb|OY","Marginal",NA,"Fm2","m",513,8,"4","2_Lek3_4","2_Lek3",0,0,0,0,6,0,0,0,0,0,0,0,0,0,0,0,0,0,0,0,0,NA,0,0,0,0,0,0,0,0,0,0,0,0,3,0,0,NA,NA,NA,NA,NA,NA,NA,NA,0,1
"96","513_Fm2_m_Marginal","Lek3_2021_513_m","ODb|YDb","Marginal",NA,"Fm2","m",513,8,"4","2_Lek3_4","2_Lek3",0,0,0,0,5,0,0,0,0,0,0,0,0,0,0,0,0,0,0,0,0,NA,0,0,1769,0,0,0,0,0,0,0,0,0,2,0,0,37.24,34.04,NA,NA,NA,NA,NA,NA,0,1
"97","514_Fm1_a_Satellite","Lek2_2021_514_a","ODb|YG","Satellite",NA,"Fm1","a",514,9,"4","2_Lek2_4","2_Lek2",0,0,0,0,0,0,0,0,0,0,0,0,0,0,0,0,0,0,0,0,0,NA,0,0,0,0,0,0,0,0,0,0,0,0,1,0,0,NA,NA,NA,NA,NA,NA,NA,NA,0,1
"98","514_Fm1_a_Satellite","Lek2_2021_514_a","RG|LbDb","Satellite",NA,"Fm1","a",514,9,"4","2_Lek2_4","2_Lek2",0,0,0,0,5,0,0,0,0,0,0,0,0,0,0,0,0,0,0,0,0,NA,0,0,0,0,0,0,0,0,0,0,0,0,2,0,0,NA,NA,NA,NA,NA,NA,NA,NA,0,1
"99","514_Fm1_a_Satellite","Lek2_2021_514_a","YO|OO","Satellite",NA,"Fm1","a",514,9,"4","2_Lek2_4","2_Lek2",0,0,0,0,5,0,0,0,0,0,0,0,0,0,0,0,0,0,0,0,0,NA,0,0,0,0,0,0,0,0,0,0,0,0,3,0,0,NA,NA,NA,NA,NA,NA,NA,NA,0,1
"100","514_Fm1_m_Marginal","Lek1_2021_514_m","DbLb|RLb","Marginal",NA,"Fm1","m",514,9,"4","2_Lek1_4","2_Lek1",0,0,0,0,6,0,0,0,0,0,0,0,0,0,0,0,0,0,0,0,0,NA,0,0,1771,0,0,0,0,0,0,0,0,0,1,0,0,113.83,188.97,NA,NA,NA,NA,NA,NA,0,1
"101","514_Fm1_m_Marginal","Lek1_2021_514_m","GLb|GY","Marginal",NA,"Fm1","m",514,9,"4","2_Lek1_4","2_Lek1",0,0,0,0,5,0,0,0,0,0,0,0,0,0,0,0,0,0,0,0,0,NA,0,0,0,0,0,0,0,0,0,0,0,0,3,0,0,NA,NA,NA,NA,NA,NA,NA,NA,0,1
"102","514_Fm1_m_Marginal","Lek1_2021_514_m","XO|XX","Marginal",NA,"Fm1","m",514,9,"4","2_Lek1_4","2_Lek1",0,0,0,0,0,0,0,0,0,0,0,0,0,0,0,0,0,0,0,0,0,NA,0,0,0,0,0,0,0,0,0,0,0,0,2,0,0,NA,NA,NA,NA,NA,NA,NA,NA,0,1
"103","514_Fm2_a_Marginal","Lek3_2021_514_a","DbLb|DbP","Marginal",NA,"Fm2","a",514,9,"4","2_Lek3_4","2_Lek3",4,1499.534,21,1,6,0,0,0,0,8,0,0,0,3,24,8,8,8,0,8,0,NA,0,0,1636,0,0,0,0,0,0,0,0,1,1,1,1,24.27,17.6,NA,NA,NA,NA,NA,NA,316.4,1
"104","514_Fm2_a_Marginal","Lek3_2021_514_a","DbLb|OY","Marginal",NA,"Fm2","a",514,9,"4","2_Lek3_4","2_Lek3",0,0,0,0,6,0,0,0,0,0,0,0,0,0,0,0,0,0,0,0,0,NA,0,0,0,0,0,0,0,0,0,0,0,1,3,0,0,NA,NA,NA,NA,NA,NA,NA,NA,0,1
"105","514_Fm2_a_Marginal","Lek3_2021_514_a","ODb|YDb","Marginal",NA,"Fm2","a",514,9,"4","2_Lek3_4","2_Lek3",0,0,0,0,6,0,0,0,0,0,0,0,0,0,0,0,0,0,0,0,0,NA,0,0,0,0,0,0,0,0,0,0,0,1,2,0,0,NA,NA,NA,NA,NA,NA,NA,NA,0,1
"106","514_Fm2_m_Satellite","Lek4_2021_514_m","DbLb|LbY","Satellite",NA,"Fm2","m",514,9,"4","2_Lek4_4","2_Lek4",0,0,0,0,3,0,0,0,0,0,0,0,0,0,0,0,0,0,0,0,0,0,0,1,0,0,0,0,0,0,0,0,0,0,3,0,0,NA,NA,NA,NA,NA,NA,NA,NA,0,1
"107","514_Fm2_m_Satellite","Lek4_2021_514_m","GO|LbY","Satellite",NA,"Fm2","m",514,9,"4","2_Lek4_4","2_Lek4",0,0,0,0,4,0,0,0,0,0,0,0,0,0,0,0,0,0,0,0,0,0,0,1,0,0,0,0,0,0,0,0,0,0,2,0,0,NA,NA,NA,NA,NA,NA,NA,NA,0,1
"108","514_Fm2_m_Satellite","Lek4_2021_514_m","YO|OLB","Satellite",NA,"Fm2","m",514,9,"4","2_Lek4_4","2_Lek4",2,678.715,4,1,6,0,0,0,0,0,0,0,0,1,2,0,0,0,96,0,1499,1,1,1,209,1,1,5.753,2,1782.73,0,0,0,0,1,0,0,10.165,13.88,3.75,NA,5.75,NA,891.36,NA,559.5,1
"109","515_Fm1_a_Satellite","Lek1_2021_515_a","DbLb|RLb","Satellite",NA,"Fm1","a",515,10,"4","2_Lek1_4","2_Lek1",0,0,0,0,0,0,0,0,0,0,0,0,0,0,0,0,0,0,12,0,251,1,1,1,1343,21,4,57.253,3,296.297,0,0,0,0,1,0,0,12.0466666666667,9.77,13.34,9.81,11.79,15.27,89.01,39.48,0,1
"110","515_Fm1_a_Satellite","Lek1_2021_515_a","GLb|GY","Satellite",NA,"Fm1","a",515,10,"4","2_Lek1_4","2_Lek1",0,0,0,0,5,0,0,0,0,0,0,0,0,0,0,0,0,0,0,0,0,0,0,1,0,0,0,0,0,0,0,0,0,0,3,0,0,NA,NA,NA,NA,NA,NA,NA,NA,0,1
"111","515_Fm1_a_Satellite","Lek1_2021_515_a","XO|XX","Satellite",NA,"Fm1","a",515,10,"4","2_Lek1_4","2_Lek1",0,0,0,0,1,0,0,0,0,0,0,0,0,0,0,0,0,0,0,0,0,0,0,1,0,0,0,0,0,0,0,0,0,0,2,0,0,NA,NA,NA,NA,NA,NA,NA,NA,0,1
"112","515_Fm1_m_Marginal","Lek2_2021_515_m","ODb|YG","Marginal",NA,"Fm1","m",515,10,"4","2_Lek2_4","2_Lek2",0,0,0,0,1,0,0,0,0,0,0,0,0,0,0,0,0,0,0,0,0,NA,0,0,0,0,0,0,0,0,0,0,0,0,1,0,0,NA,NA,NA,NA,NA,NA,NA,NA,0,1
"113","515_Fm1_m_Marginal","Lek2_2021_515_m","RG|LbDb","Marginal",NA,"Fm1","m",515,10,"4","2_Lek2_4","2_Lek2",0,0,0,0,1,0,0,0,0,0,0,0,0,0,0,0,0,0,0,0,0,NA,0,0,0,0,0,0,0,0,0,0,0,0,2,0,0,NA,NA,NA,NA,NA,NA,NA,NA,0,1
"114","515_Fm1_m_Marginal","Lek2_2021_515_m","YO|OO","Marginal",NA,"Fm1","m",515,10,"4","2_Lek2_4","2_Lek2",0,0,0,0,5,0,0,0,0,0,0,0,0,0,0,0,0,0,0,0,0,NA,0,0,1665,0,0,0,0,0,0,0,0,0,3,0,0,30.49,23.64,NA,NA,NA,NA,NA,NA,0,1
"115","515_Fm2_a_Marginal","Lek4_2021_515_a","DbLb|LbY","Marginal",NA,"Fm2","a",515,10,"4","2_Lek4_4","2_Lek4",0,0,0,0,3,0,0,0,0,0,0,0,0,0,0,0,0,0,0,0,0,NA,0,0,0,0,0,0,0,0,0,0,0,0,3,0,0,NA,NA,NA,NA,NA,NA,NA,NA,0,1
"116","515_Fm2_a_Marginal","Lek4_2021_515_a","GO|LbY","Marginal",NA,"Fm2","a",515,10,"4","2_Lek4_4","2_Lek4",0,0,0,0,2,0,0,0,0,0,0,0,0,0,0,0,0,0,0,0,0,NA,0,0,0,0,0,0,0,0,0,0,0,0,2,0,0,NA,NA,NA,NA,NA,NA,NA,NA,0,1
"117","515_Fm2_a_Marginal","Lek4_2021_515_a","YO|OLB","Marginal",NA,"Fm2","a",515,10,"4","2_Lek4_4","2_Lek4",1,100.605,2,1,6,0,0,0,0,0,0,0,0,1,1,0,0,0,0,0,0,NA,0,0,1727,0,0,0,0,0,0,0,0,0,1,0,0,26.98,26.85,NA,NA,NA,NA,NA,NA,72.9,1
"118","515_Fm2_m_Satellite","Lek3_2021_515_m","DbLb|DbP","Satellite",NA,"Fm2","m",515,10,"4","2_Lek3_4","2_Lek3",5,1291.452,20,1,6,0,0,0,0,0,0,1,1,3,22,1,0,0,45,0,747,1,1,1,777,1,3,52.66,7,1009.949,0,0,0,0,1,0,0,13.1283333333333,9.94,4.24,NA,20.21,8.84,149.29,64.62,359.9,1
"119","515_Fm2_m_Satellite","Lek3_2021_515_m","DbLb|OY","Satellite",NA,"Fm2","m",515,10,"4","2_Lek3_4","2_Lek3",2,39.066,2,1,4,0,0,0,0,0,0,0,0,0,0,0,0,0,6,0,71,2,1,1,1730,14,0,0,2,77.534,0,0,0,0,2,0,0,29.44,29.7266666666667,22.36,17.365,NA,NA,38.77,37.93,19.5,1
"120","515_Fm2_m_Satellite","Lek3_2021_515_m","ODb|YDb","Satellite",NA,"Fm2","m",515,10,"4","2_Lek3_4","2_Lek3",0,0,0,0,6,0,0,0,0,0,0,0,0,0,0,0,0,0,0,0,0,0,0,1,15,2,0,0,0,0,0,0,0,0,3,0,0,7.32,6.03,7.32,6.03,NA,NA,NA,NA,0,1
"121","516_Fm1_a_Marginal","Lek2_2021_516_a","ODb|YG","Marginal",NA,"Fm1","a",516,11,"4","2_Lek2_4","2_Lek2",0,0,0,0,0,0,0,0,0,0,0,0,0,0,0,0,0,0,0,0,0,NA,0,0,0,0,0,0,0,0,0,0,0,0,1,0,0,NA,NA,NA,NA,NA,NA,NA,NA,0,1
"122","516_Fm1_a_Marginal","Lek2_2021_516_a","RG|LbDb","Marginal",NA,"Fm1","a",516,11,"4","2_Lek2_4","2_Lek2",0,0,0,0,2,0,0,0,0,0,0,0,0,0,0,0,0,0,0,0,0,NA,0,0,0,0,0,0,0,0,0,0,0,0,2,0,0,NA,NA,NA,NA,NA,NA,NA,NA,0,1
"123","516_Fm1_a_Marginal","Lek2_2021_516_a","YO|OO","Marginal",NA,"Fm1","a",516,11,"4","2_Lek2_4","2_Lek2",0,0,0,0,3,0,0,0,0,0,0,0,0,0,0,0,0,0,0,0,0,NA,0,0,0,0,0,0,0,0,0,0,0,0,3,0,0,NA,NA,NA,NA,NA,NA,NA,NA,0,1
"124","516_Fm1_m_Satellite","Lek1_2021_516_m","DbLb|RLb","Satellite",NA,"Fm1","m",516,11,"4","2_Lek1_4","2_Lek1",0,0,0,0,6,0,0,0,0,0,0,0,0,0,0,0,0,0,9,0,230,1,1,1,1462,14,2,82.6,8,261.064,0,0,0,0,1,0,0,31.3033333333333,59.51,69.77,85.42,41.3,41.1,30.29,25.09,0,1
"125","516_Fm1_m_Satellite","Lek1_2021_516_m","GLb|GY","Satellite",NA,"Fm1","m",516,11,"4","2_Lek1_4","2_Lek1",0,0,0,0,1,0,0,0,0,0,0,0,0,0,0,0,0,0,0,0,0,0,0,1,0,0,0,0,0,0,0,0,0,0,3,0,0,NA,NA,NA,NA,NA,NA,NA,NA,0,1
"126","516_Fm1_m_Satellite","Lek1_2021_516_m","XO|XX","Satellite",NA,"Fm1","m",516,11,"4","2_Lek1_4","2_Lek1",0,0,0,0,0,0,0,0,0,0,0,0,0,0,0,0,0,0,0,0,0,0,0,1,0,0,0,0,0,0,0,0,0,0,2,0,0,NA,NA,NA,NA,NA,NA,NA,NA,0,1
"127","516_Fm2_a_Satellite","Lek3_2021_516_a","DbLb|DbP","Satellite",NA,"Fm2","a",516,11,"4","2_Lek3_4","2_Lek3",4,1383.184,22,1,6,0,0,0,1,3,1,1,3,4,19,7,4,3,5,4,64,1,1,1,1556,1,1,19.745,3,171.135,6,248.897,1,2,1,1,1,13.3483333333334,18.34,1.75,NA,19.75,NA,57.05,NA,435.6,1
"128","516_Fm2_a_Satellite","Lek3_2021_516_a","DbLb|OY","Satellite",NA,"Fm2","a",516,11,"4","2_Lek3_4","2_Lek3",0,0,0,0,6,0,0,0,0,0,0,0,0,0,0,0,0,0,2,0,18,2,1,1,10,1,0,0,0,0,0,0,0,2,2,0,0,9.53,NA,9.53,NA,NA,NA,NA,NA,0,1
"129","516_Fm2_a_Satellite","Lek3_2021_516_a","ODb|YDb","Satellite",NA,"Fm2","a",516,11,"4","2_Lek3_4","2_Lek3",2,43.879,3,1,2,0,0,0,0,0,0,0,0,0,0,0,0,0,1,0,11,3,1,1,221,4,0,0,0,0,0,0,0,2,3,0,0,38.625,59.6,38.625,59.6,NA,NA,NA,NA,21.5,1
"130","516_Fm2_m_Marginal","Lek4_2021_516_m","DbLb|LbY","Marginal",NA,"Fm2","m",516,11,"4","2_Lek4_4","2_Lek4",0,0,0,0,4,0,0,0,0,0,0,0,0,0,0,0,0,0,0,0,0,NA,0,0,0,0,0,0,0,0,0,0,0,1,3,0,0,NA,NA,NA,NA,NA,NA,NA,NA,0,1
"131","516_Fm2_m_Marginal","Lek4_2021_516_m","GO|LbY","Marginal",NA,"Fm2","m",516,11,"4","2_Lek4_4","2_Lek4",0,0,0,0,5,0,0,0,0,0,0,0,0,0,0,0,0,0,0,0,0,NA,0,0,0,0,0,0,0,0,0,0,0,1,2,0,0,NA,NA,NA,NA,NA,NA,NA,NA,0,1
"132","516_Fm2_m_Marginal","Lek4_2021_516_m","YO|OLB","Marginal",NA,"Fm2","m",516,11,"4","2_Lek4_4","2_Lek4",4,324.095,6,1,6,0,0,0,0,3,0,0,0,1,3,3,3,3,0,3,0,NA,0,0,0,0,0,0,0,0,0,0,0,1,1,1,1,NA,NA,NA,NA,NA,NA,NA,NA,142.4,1
"133","517_Fm1_a_Satellite","Lek1_2021_517_a","DbLb|RLb","Satellite",NA,"Fm1","a",517,12,"4","2_Lek1_4","2_Lek1",0,0,0,0,6,0,0,0,0,0,0,0,0,0,0,0,0,0,2,0,26,1,1,1,1700,16,0,0,1,39.079,0,0,0,0,1,0,0,56.365,45.24,60.91,51.38,NA,NA,39.08,NA,0,1
"134","517_Fm1_a_Satellite","Lek1_2021_517_a","GLb|GY","Satellite",NA,"Fm1","a",517,12,"4","2_Lek1_4","2_Lek1",0,0,0,0,0,0,0,0,0,0,0,0,0,0,0,0,0,0,0,0,0,0,0,1,0,0,0,0,0,0,0,0,0,0,3,0,0,NA,NA,NA,NA,NA,NA,NA,NA,0,1
"135","517_Fm1_a_Satellite","Lek1_2021_517_a","XO|XX","Satellite",NA,"Fm1","a",517,12,"4","2_Lek1_4","2_Lek1",0,0,0,0,0,0,0,0,0,0,0,0,0,0,0,0,0,0,0,0,0,0,0,1,0,0,0,0,0,0,0,0,0,0,2,0,0,NA,NA,NA,NA,NA,NA,NA,NA,0,1
"136","517_Fm1_m_Marginal","Lek2_2021_517_m","ODb|YG","Marginal",NA,"Fm1","m",517,12,"4","2_Lek2_4","2_Lek2",0,0,0,0,0,0,0,0,0,0,0,0,0,0,0,0,0,0,0,0,0,NA,0,0,1653,0,0,0,0,0,0,0,0,0,1,0,0,51.59,56.64,NA,NA,NA,NA,NA,NA,0,1
"137","517_Fm1_m_Marginal","Lek2_2021_517_m","RG|LbDb","Marginal",NA,"Fm1","m",517,12,"4","2_Lek2_4","2_Lek2",0,0,0,0,3,0,0,0,0,0,0,0,0,0,0,0,0,0,0,0,0,NA,0,0,0,0,0,0,0,0,0,0,0,0,2,0,0,NA,NA,NA,NA,NA,NA,NA,NA,0,1
"138","517_Fm1_m_Marginal","Lek2_2021_517_m","YO|OO","Marginal",NA,"Fm1","m",517,12,"4","2_Lek2_4","2_Lek2",0,0,0,0,6,0,0,0,0,0,0,0,0,0,0,0,0,0,0,0,0,NA,0,0,0,0,0,0,0,0,0,0,0,0,3,0,0,NA,NA,NA,NA,NA,NA,NA,NA,0,1
"139","517_Fm2_a_Marginal","Lek4_2021_517_a","DbLb|LbY","Marginal",NA,"Fm2","a",517,12,"4","2_Lek4_4","2_Lek4",0,0,0,0,0,0,0,0,0,0,0,0,0,0,0,0,0,0,0,0,0,NA,0,0,0,0,0,0,0,0,0,0,0,0,3,0,0,NA,NA,NA,NA,NA,NA,NA,NA,0,1
"140","517_Fm2_a_Marginal","Lek4_2021_517_a","GO|LbY","Marginal",NA,"Fm2","a",517,12,"4","2_Lek4_4","2_Lek4",0,0,0,0,2,0,0,0,0,0,0,0,0,0,0,0,0,0,0,0,0,NA,0,0,0,0,0,0,0,0,0,0,0,0,2,0,0,NA,NA,NA,NA,NA,NA,NA,NA,0,1
"141","517_Fm2_a_Marginal","Lek4_2021_517_a","YO|OLB","Marginal",NA,"Fm2","a",517,12,"4","2_Lek4_4","2_Lek4",1,13.501,1,1,6,0,0,0,0,0,0,0,0,0,0,0,0,0,0,0,0,NA,0,0,1722,0,0,0,0,0,0,0,0,0,1,0,0,49.44,105.24,NA,NA,NA,NA,NA,NA,13.5,1
"142","517_Fm2_m_Satellite","Lek3_2021_517_m","DbLb|DbP","Satellite",NA,"Fm2","m",517,12,"4","2_Lek3_4","2_Lek3",5,899.421,25,1,6,0,0,0,0,2,0,1,1,4,12,3,2,2,25,2,440,1,1,1,1700,0,0,0,3,901.051,0,0,0,2,2,1,1,42.82,75.73,NA,NA,NA,NA,300.35,NA,101.3,1
"143","517_Fm2_m_Satellite","Lek3_2021_517_m","DbLb|OY","Satellite",NA,"Fm2","m",517,12,"4","2_Lek3_4","2_Lek3",0,0,0,0,6,0,0,0,0,0,0,0,0,0,0,0,0,0,1,0,11,2,1,1,5,1,0,0,0,0,8,109.028,1,2,1,0,0,5.25,NA,5.25,NA,NA,NA,NA,NA,0,1
"144","517_Fm2_m_Satellite","Lek3_2021_517_m","ODb|YDb","Satellite",NA,"Fm2","m",517,12,"4","2_Lek3_4","2_Lek3",0,0,0,0,5,0,0,0,0,0,0,0,0,0,0,0,0,0,0,0,0,0,0,1,101,8,0,0,0,0,0,0,0,2,3,0,0,12.2,13.49,12.2,13.49,NA,NA,NA,NA,0,1
"145","518_Fm1_a_Satellite","Lek1_2021_518_a","DbLb|DbP","Satellite",NA,"Fm1","a",518,13,"5","3_Lek1_5","3_Lek1",0,0,0,0,2,0,0,0,0,0,0,0,0,0,0,0,0,0,3,0,51,2,1,1,0,0,0,0,0,0,0,0,0,2,3,0,0,NA,NA,NA,NA,NA,NA,NA,NA,0,1
"146","518_Fm1_a_Satellite","Lek1_2021_518_a","GO|LbY","Satellite",NA,"Fm1","a",518,13,"5","3_Lek1_5","3_Lek1",4,536.539,7,1,5,0,0,0,1,0,1,0,0,3,3,1,1,0,47,1,882,1,1,1,818,2,3,44.001,1,1569.607,0,0,0,2,1,0,1,14.2883333333333,14.19,4.12,NA,14.67,6,1569.61,NA,193.8,1
"147","518_Fm1_a_Satellite","Lek1_2021_518_a","RG|LbDb","Satellite",NA,"Fm1","a",518,13,"5","3_Lek1_5","3_Lek1",0,0,0,0,2,0,0,0,0,0,0,0,0,0,0,0,0,0,1,0,5,3,1,1,0,0,0,0,0,0,0,0,0,2,2,0,0,NA,NA,NA,NA,NA,NA,NA,NA,0,1
"148","518_Fm1_m_Marginal","Lek2_2021_518_m","DbLb|LbY","Marginal",NA,"Fm1","m",518,13,"5","3_Lek2_5","3_Lek2",0,0,0,0,6,0,0,0,0,0,0,0,0,0,0,0,0,0,0,0,0,NA,0,0,0,0,0,0,0,0,0,0,0,0,3,0,0,NA,NA,NA,NA,NA,NA,NA,NA,0,1
"149","518_Fm1_m_Marginal","Lek2_2021_518_m","GLb|GY","Marginal",NA,"Fm1","m",518,13,"5","3_Lek2_5","3_Lek2",0,0,0,0,4,0,0,0,0,0,0,0,0,0,0,0,0,0,0,0,0,NA,0,0,1388,0,0,0,0,0,0,0,0,0,2,0,0,29.48,34.43,NA,NA,NA,NA,NA,NA,0,1
"150","518_Fm1_m_Marginal","Lek2_2021_518_m","ODb|YG","Marginal",NA,"Fm1","m",518,13,"5","3_Lek2_5","3_Lek2",0,0,0,0,0,0,0,0,0,0,0,0,0,0,0,0,0,0,0,0,0,NA,0,0,0,0,0,0,0,0,0,0,0,0,1,0,0,NA,NA,NA,NA,NA,NA,NA,NA,0,1
"151","518_Fm2_a_Marginal","Lek4_2021_518_a","DbLb|OY","Marginal",NA,"Fm2","a",518,13,"5","3_Lek4_5","3_Lek4",0,0,0,0,5,0,0,0,0,0,0,0,0,0,0,0,0,0,0,0,0,NA,0,0,0,0,0,0,0,0,0,0,0,1,2,0,0,NA,NA,NA,NA,NA,NA,NA,NA,0,1
"152","518_Fm2_a_Marginal","Lek4_2021_518_a","DbLb|RLb","Marginal",NA,"Fm2","a",518,13,"5","3_Lek4_5","3_Lek4",0,0,0,0,1,0,0,0,0,0,0,0,0,0,0,0,0,0,0,0,0,NA,0,0,0,0,0,0,0,0,0,0,0,1,3,0,0,NA,NA,NA,NA,NA,NA,NA,NA,0,1
"153","518_Fm2_a_Marginal","Lek4_2021_518_a","YO|OLB","Marginal",NA,"Fm2","a",518,13,"5","3_Lek4_5","3_Lek4",4,1013.524,33,1,6,0,0,0,0,6,0,2,4,2,19,10,6,6,0,6,0,NA,0,0,1653,0,0,0,0,0,0,0,0,1,1,1,1,13.61,13.12,NA,NA,NA,NA,NA,NA,117,1
"154","518_Fm2_m_Satellite","Lek3_2021_518_m","ODb|YDb","Satellite",NA,"Fm2","m",518,13,"5","3_Lek3_5","3_Lek3",3,180.369,5,1,6,0,0,0,0,0,0,0,0,0,0,0,0,0,52,0,751,1,1,1,915,3,0,0,4,1162.247,4,46.085,1,0,1,0,0,14.485,14.84,7.47,NA,NA,NA,290.56,NA,75.5,1
"155","518_Fm2_m_Satellite","Lek3_2021_518_m","XO|XX","Satellite",NA,"Fm2","m",518,13,"5","3_Lek3_5","3_Lek3",0,0,0,0,2,0,0,0,0,0,0,0,0,0,0,0,0,0,0,0,0,0,0,1,0,0,0,0,0,0,0,0,0,0,2,0,0,NA,NA,NA,NA,NA,NA,NA,NA,0,1
"156","518_Fm2_m_Satellite","Lek3_2021_518_m","YO|OO","Satellite",NA,"Fm2","m",518,13,"5","3_Lek3_5","3_Lek3",0,0,0,0,5,0,0,0,0,0,0,0,0,0,0,0,0,0,7,0,150,2,1,1,4,1,0,0,0,0,0,0,0,0,3,0,0,3.75,NA,3.75,NA,NA,NA,NA,NA,0,1
"157","519_Fm1_a_Marginal","Lek2_2021_519_a","DbLb|LbY","Marginal",NA,"Fm1","a",519,14,"5","3_Lek2_5","3_Lek2",0,0,0,0,3,0,0,0,0,0,0,0,0,0,0,0,0,0,0,0,0,NA,0,0,0,0,0,0,0,0,0,0,0,0,3,0,0,NA,NA,NA,NA,NA,NA,NA,NA,0,1
"158","519_Fm1_a_Marginal","Lek2_2021_519_a","GLb|GY","Marginal",NA,"Fm1","a",519,14,"5","3_Lek2_5","3_Lek2",0,0,0,0,3,0,0,0,0,0,0,0,0,0,0,0,0,0,0,0,0,NA,0,0,1715,0,0,0,0,0,0,0,0,0,2,0,0,70.69,105,NA,NA,NA,NA,NA,NA,0,1
"159","519_Fm1_a_Marginal","Lek2_2021_519_a","ODb|YG","Marginal",NA,"Fm1","a",519,14,"5","3_Lek2_5","3_Lek2",0,0,0,0,0,0,0,0,0,0,0,0,0,0,0,0,0,0,0,0,0,NA,0,0,0,0,0,0,0,0,0,0,0,0,1,0,0,NA,NA,NA,NA,NA,NA,NA,NA,0,1
"160","519_Fm1_m_Satellite","Lek1_2021_519_m","DbLb|DbP","Satellite",NA,"Fm1","m",519,14,"5","3_Lek1_5","3_Lek1",0,0,0,0,4,0,0,0,0,0,0,0,0,0,0,0,0,0,1,0,13,2,1,1,0,0,0,0,0,0,0,0,0,0,2,0,0,NA,NA,NA,NA,NA,NA,NA,NA,0,1
"161","519_Fm1_m_Satellite","Lek1_2021_519_m","GO|LbY","Satellite",NA,"Fm1","m",519,14,"5","3_Lek1_5","3_Lek1",1,3.88,1,1,6,0,0,0,0,0,0,0,0,0,0,0,0,0,45,0,649,1,1,1,995,0,1,13.998,2,1653.962,4,311.522,1,0,1,0,0,18.315,13.14,NA,NA,14,NA,826.98,NA,3.9,1
"162","519_Fm1_m_Satellite","Lek1_2021_519_m","RG|LbDb","Satellite",NA,"Fm1","m",519,14,"5","3_Lek1_5","3_Lek1",0,0,0,0,1,0,0,0,0,0,0,0,0,0,0,0,0,0,0,0,0,0,0,1,0,0,0,0,0,0,0,0,0,0,3,0,0,NA,NA,NA,NA,NA,NA,NA,NA,0,1
"163","519_Fm2_a_Satellite","Lek3_2021_519_a","ODb|YDb","Satellite",NA,"Fm2","a",519,14,"5","3_Lek3_5","3_Lek3",1,161.122,1,1,6,0,0,0,0,0,0,0,0,0,0,0,0,0,1,0,147,1,1,1,1365,1,0,0,0,0,0,0,0,0,3,0,0,228.225,663.18,2.38,NA,NA,NA,NA,NA,161.1,1
"164","519_Fm2_a_Satellite","Lek3_2021_519_a","XO|XX","Satellite",NA,"Fm2","a",519,14,"5","3_Lek3_5","3_Lek3",0,0,0,0,0,0,0,0,0,0,0,0,0,0,0,0,0,0,0,0,0,0,0,1,0,0,0,0,0,0,0,0,0,0,2,0,0,NA,NA,NA,NA,NA,NA,NA,NA,0,1
"165","519_Fm2_a_Satellite","Lek3_2021_519_a","YO|OO","Satellite",NA,"Fm2","a",519,14,"5","3_Lek3_5","3_Lek3",0,0,0,0,3,0,0,0,0,0,0,0,0,0,0,0,0,0,0,0,0,0,0,1,52,6,0,0,0,0,0,0,0,0,1,0,0,8.71,8.03,8.71,8.03,NA,NA,NA,NA,0,1
"166","519_Fm2_m_Marginal","Lek4_2021_519_m","DbLb|OY","Marginal",NA,"Fm2","m",519,14,"5","3_Lek4_5","3_Lek4",2,75.193,5,1,6,0,0,0,0,0,0,0,0,1,1,0,0,0,0,0,0,NA,0,0,0,0,0,0,0,0,0,0,0,1,2,0,0,NA,NA,NA,NA,NA,NA,NA,NA,19.4,1
"167","519_Fm2_m_Marginal","Lek4_2021_519_m","DbLb|RLb","Marginal",NA,"Fm2","m",519,14,"5","3_Lek4_5","3_Lek4",0,0,0,0,2,0,0,0,0,0,0,0,0,0,0,0,0,0,0,0,0,NA,0,0,0,0,0,0,0,0,0,0,0,1,3,0,0,NA,NA,NA,NA,NA,NA,NA,NA,0,1
"168","519_Fm2_m_Marginal","Lek4_2021_519_m","YO|OLB","Marginal",NA,"Fm2","m",519,14,"5","3_Lek4_5","3_Lek4",4,1081.226,32,1,6,0,0,0,0,3,0,1,2,2,10,5,3,3,0,3,0,NA,0,0,1655,1,0,0,0,0,0,0,0,1,1,1,1,17.355,11.14,21.74,NA,NA,NA,NA,NA,248.6,1
"169","520_Fm1_a_Satellite","Lek1_2021_520_a","DbLb|DbP","Satellite",NA,"Fm1","a",520,15,"5","3_Lek1_5","3_Lek1",0,0,0,0,6,0,0,0,0,0,0,0,0,0,0,0,0,0,1,0,11,2,1,1,0,0,0,0,0,0,7,235.944,1,0,1,0,0,NA,NA,NA,NA,NA,NA,NA,NA,0,1
"170","520_Fm1_a_Satellite","Lek1_2021_520_a","GO|LbY","Satellite",NA,"Fm1","a",520,15,"5","3_Lek1_5","3_Lek1",3,265.433,8,1,6,0,0,0,0,0,0,0,0,1,1,0,0,0,60,0,1009,1,1,1,721,1,0,0,3,1674.185,0,0,0,0,3,0,0,15.14,12.53,12,NA,NA,NA,558.06,NA,80.1,1
"171","520_Fm1_a_Satellite","Lek1_2021_520_a","RG|LbDb","Satellite",NA,"Fm1","a",520,15,"5","3_Lek1_5","3_Lek1",0,0,0,0,1,0,0,0,0,0,0,0,0,0,0,0,0,0,0,0,0,0,0,1,0,0,0,0,0,0,0,0,0,0,2,0,0,NA,NA,NA,NA,NA,NA,NA,NA,0,1
"172","520_Fm1_m_Marginal","Lek2_2021_520_m","DbLb|LbY","Marginal",NA,"Fm1","m",520,15,"5","3_Lek2_5","3_Lek2",1,98.377,2,1,3,0,0,0,0,12,0,1,1,1,11,13,12,12,0,12,0,NA,0,0,0,0,0,0,0,0,0,0,0,1,3,1,1,NA,NA,NA,NA,NA,NA,NA,NA,57.6,1
"173","520_Fm1_m_Marginal","Lek2_2021_520_m","GLb|GY","Marginal",NA,"Fm1","m",520,15,"5","3_Lek2_5","3_Lek2",0,0,0,0,1,0,0,0,0,0,0,0,0,0,0,0,0,0,0,0,0,NA,0,0,1045,0,0,0,0,0,0,0,0,1,1,0,0,41.38,36.21,NA,NA,NA,NA,NA,NA,0,1
"174","520_Fm1_m_Marginal","Lek2_2021_520_m","ODb|YG","Marginal",NA,"Fm1","m",520,15,"5","3_Lek2_5","3_Lek2",0,0,0,0,0,0,0,0,0,0,0,0,0,0,0,0,0,0,0,0,0,NA,0,0,0,0,0,0,0,0,0,0,0,1,2,0,0,NA,NA,NA,NA,NA,NA,NA,NA,0,1
"175","520_Fm2_a_Marginal","Lek4_2021_520_a","DbLb|OY","Marginal",NA,"Fm2","a",520,15,"5","3_Lek4_5","3_Lek4",0,0,0,0,6,0,0,0,0,0,0,0,0,0,0,0,0,0,0,0,0,NA,0,0,0,0,0,0,0,0,0,0,0,0,3,0,0,NA,NA,NA,NA,NA,NA,NA,NA,0,1
"176","520_Fm2_a_Marginal","Lek4_2021_520_a","DbLb|RLb","Marginal",NA,"Fm2","a",520,15,"5","3_Lek4_5","3_Lek4",0,0,0,0,4,0,0,0,0,0,0,0,0,0,0,0,0,0,0,0,0,NA,0,0,0,0,0,0,0,0,0,0,0,0,2,0,0,NA,NA,NA,NA,NA,NA,NA,NA,0,1
"177","520_Fm2_a_Marginal","Lek4_2021_520_a","YO|OLB","Marginal",NA,"Fm2","a",520,15,"5","3_Lek4_5","3_Lek4",2,147.949,5,1,6,0,0,0,0,0,0,1,1,2,2,1,0,0,0,0,0,NA,0,0,1761,0,0,0,0,0,0,0,0,0,1,0,0,20.26,22.94,NA,NA,NA,NA,NA,NA,69.1,1
"178","520_Fm2_m_Satellite","Lek3_2021_520_m","ODb|YDb","Satellite",NA,"Fm2","m",520,15,"5","3_Lek3_5","3_Lek3",6,2873.959,41,1,4,0,0,0,0,2,0,2,7,2,32,9,2,2,2,2,28,2,1,1,1651,1,0,0,1,95.843,6,776.685,1,2,1,1,1,11.165,11.99,2.74,NA,NA,NA,95.84,NA,346.8,1
"179","520_Fm2_m_Satellite","Lek3_2021_520_m","XO|XX","Satellite",NA,"Fm2","m",520,15,"5","3_Lek3_5","3_Lek3",0,0,0,0,1,0,0,0,0,0,0,0,0,0,0,0,0,0,0,0,0,0,0,1,0,0,0,0,0,0,0,0,0,2,2,0,0,NA,NA,NA,NA,NA,NA,NA,NA,0,1
"180","520_Fm2_m_Satellite","Lek3_2021_520_m","YO|OO","Satellite",NA,"Fm2","m",520,15,"5","3_Lek3_5","3_Lek3",1,22.687,1,1,2,0,0,0,0,0,0,0,0,0,0,0,0,0,6,0,94,1,1,1,2105,23,1,61.849,2,39.208,0,0,0,2,3,0,0,89.43,26.9266666666667,137.95,33.26,61.85,NA,19.6,6.46,22.7,1
"181","521_Fm1_a_Satellite","Lek2_2021_521_a","DbLb|LbY","Satellite",NA,"Fm1","a",521,16,"5","3_Lek2_5","3_Lek2",0,0,0,0,6,0,0,0,0,0,0,0,0,0,0,0,0,0,0,0,0,0,0,1,0,0,0,0,0,0,0,0,0,2,3,0,0,NA,NA,NA,NA,NA,NA,NA,NA,0,1
"182","521_Fm1_a_Satellite","Lek2_2021_521_a","GLb|GY","Satellite",NA,"Fm1","a",521,16,"5","3_Lek2_5","3_Lek2",4,113.265,8,1,6,0,0,0,0,5,0,1,1,2,5,6,5,5,5,5,296,1,1,1,1359,14,0,0,2,352.452,0,0,0,2,1,1,1,27.77,25.6725,31.55,26.17,NA,NA,176.23,NA,28,1
"183","521_Fm1_a_Satellite","Lek2_2021_521_a","ODb|YG","Satellite",NA,"Fm1","a",521,16,"5","3_Lek2_5","3_Lek2",0,0,0,0,1,0,0,0,0,0,0,0,0,0,0,0,0,0,0,0,0,0,0,1,0,0,0,0,0,0,0,0,0,2,2,0,0,NA,NA,NA,NA,NA,NA,NA,NA,0,1
"184","521_Fm1_m_Marginal","Lek1_2021_521_m","DbLb|DbP","Marginal",NA,"Fm1","m",521,16,"5","3_Lek1_5","3_Lek1",0,0,0,0,5,0,0,0,0,0,0,0,0,0,0,0,0,0,0,0,0,NA,0,0,0,0,0,0,0,0,0,0,0,1,1,0,0,NA,NA,NA,NA,NA,NA,NA,NA,0,1
"185","521_Fm1_m_Marginal","Lek1_2021_521_m","GO|LbY","Marginal",NA,"Fm1","m",521,16,"5","3_Lek1_5","3_Lek1",1,40.464,2,1,6,0,0,0,0,2,0,0,0,1,1,2,2,2,0,2,0,NA,0,0,1739,0,0,0,0,0,0,0,0,1,3,1,1,33.03,35.81,NA,NA,NA,NA,NA,NA,30.2,1
"186","521_Fm1_m_Marginal","Lek1_2021_521_m","RG|LbDb","Marginal",NA,"Fm1","m",521,16,"5","3_Lek1_5","3_Lek1",0,0,0,0,1,0,0,0,0,0,0,0,0,0,0,0,0,0,0,0,0,NA,0,0,0,0,0,0,0,0,0,0,0,1,2,0,0,NA,NA,NA,NA,NA,NA,NA,NA,0,1
"187","521_Fm2_a_Marginal","Lek3_2021_521_a","ODb|YDb","Marginal",NA,"Fm2","a",521,16,"5","3_Lek3_5","3_Lek3",3,1272.862,20,1,6,0,0,0,0,0,0,1,2,1,4,2,0,0,0,0,0,NA,0,0,1777,0,0,0,0,0,0,0,0,0,1,0,0,27.08,35.57,NA,NA,NA,NA,NA,NA,268.5,1
"188","521_Fm2_a_Marginal","Lek3_2021_521_a","XO|XX","Marginal",NA,"Fm2","a",521,16,"5","3_Lek3_5","3_Lek3",0,0,0,0,3,0,0,0,0,0,0,0,0,0,0,0,0,0,0,0,0,NA,0,0,0,0,0,0,0,0,0,0,0,0,2,0,0,NA,NA,NA,NA,NA,NA,NA,NA,0,1
"189","521_Fm2_a_Marginal","Lek3_2021_521_a","YO|OO","Marginal",NA,"Fm2","a",521,16,"5","3_Lek3_5","3_Lek3",0,0,0,0,2,0,0,0,0,0,0,0,0,0,0,0,0,0,0,0,0,NA,0,0,0,0,0,0,0,0,0,0,0,0,3,0,0,NA,NA,NA,NA,NA,NA,NA,NA,0,1
"190","521_Fm2_m_Satellite","Lek4_2021_521_m","DbLb|OY","Satellite",NA,"Fm2","m",521,16,"5","3_Lek4_5","3_Lek4",1,2.749,1,1,6,0,0,0,0,0,0,0,0,0,0,0,0,0,1,0,11,2,1,1,11,2,0,0,0,0,0,0,0,2,3,0,0,5.61,4.8,5.61,4.8,NA,NA,NA,NA,2.7,1
"191","521_Fm2_m_Satellite","Lek4_2021_521_m","DbLb|RLb","Satellite",NA,"Fm2","m",521,16,"5","3_Lek4_5","3_Lek4",0,0,0,0,2,0,0,0,0,0,0,0,0,0,0,0,0,0,0,0,0,0,0,1,0,0,0,0,0,0,0,0,0,2,2,0,0,NA,NA,NA,NA,NA,NA,NA,NA,0,1
"192","521_Fm2_m_Satellite","Lek4_2021_521_m","YO|OLB","Satellite",NA,"Fm2","m",521,16,"5","3_Lek4_5","3_Lek4",3,1414.274,25,1,6,0,0,0,2,2,2,2,6,4,26,10,4,2,73,4,1490,1,1,1,193,1,0,0,2,1764.503,3,43,1,2,1,1,1,22.765,13.65,30.74,NA,NA,NA,882.25,NA,445.4,1
"193","522_Fm1_a_Satellite","Lek2_2021_522_a","DbLb|LbY","Satellite",NA,"Fm1","a",522,17,"5","3_Lek2_5","3_Lek2",0,0,0,0,6,0,0,0,0,0,0,0,0,0,0,0,0,0,0,0,0,0,0,1,0,0,0,0,0,0,0,0,0,2,2,0,0,NA,NA,NA,NA,NA,NA,NA,NA,0,1
"194","522_Fm1_a_Satellite","Lek2_2021_522_a","GLb|GY","Satellite",NA,"Fm1","a",522,17,"5","3_Lek2_5","3_Lek2",2,270.256,12,1,6,0,0,0,5,4,5,0,0,2,17,9,9,4,30,9,852,1,1,1,827,2,0,0,3,1065.864,1,10.999,1,2,1,1,1,27.4025,25.68,50.12,43.67,NA,NA,355.29,NA,44.1,1
"195","522_Fm1_a_Satellite","Lek2_2021_522_a","ODb|YG","Satellite",NA,"Fm1","a",522,17,"5","3_Lek2_5","3_Lek2",0,0,0,0,2,0,0,0,0,0,0,0,0,0,0,0,0,0,1,0,11,2,1,1,25,1,0,0,0,0,0,0,0,2,3,0,0,25.44,NA,25.44,NA,NA,NA,NA,NA,0,1
"196","522_Fm1_m_Marginal","Lek1_2021_522_m","DbLb|DbP","Marginal",NA,"Fm1","m",522,17,"5","3_Lek1_5","3_Lek1",0,0,0,0,5,0,0,0,0,0,0,0,0,0,0,0,0,0,0,0,0,NA,0,0,0,0,0,0,0,0,0,0,0,1,1,0,0,NA,NA,NA,NA,NA,NA,NA,NA,0,1
"197","522_Fm1_m_Marginal","Lek1_2021_522_m","GO|LbY","Marginal",NA,"Fm1","m",522,17,"5","3_Lek1_5","3_Lek1",1,246.276,5,1,6,0,0,0,0,3,0,0,0,1,8,3,3,3,0,3,0,NA,0,0,1771,0,0,0,0,0,0,0,0,1,2,1,1,38.81,50.66,NA,NA,NA,NA,NA,NA,131.1,1
"198","522_Fm1_m_Marginal","Lek1_2021_522_m","RG|LbDb","Marginal",NA,"Fm1","m",522,17,"5","3_Lek1_5","3_Lek1",0,0,0,0,0,0,0,0,0,0,0,0,0,0,0,0,0,0,0,0,0,NA,0,0,0,0,0,0,0,0,0,0,0,1,3,0,0,NA,NA,NA,NA,NA,NA,NA,NA,0,1
"199","522_Fm2_a_Marginal","Lek3_2021_522_a","ODb|YDb","Marginal",NA,"Fm2","a",522,17,"5","3_Lek3_5","3_Lek3",2,262.186,8,1,6,0,0,0,0,0,0,0,0,1,1,0,0,0,0,0,0,NA,0,0,0,0,0,0,0,0,0,0,0,0,2,0,0,NA,NA,NA,NA,NA,NA,NA,NA,49.7,1
"200","522_Fm2_a_Marginal","Lek3_2021_522_a","XO|XX","Marginal",NA,"Fm2","a",522,17,"5","3_Lek3_5","3_Lek3",0,0,0,0,1,0,0,0,0,0,0,0,0,0,0,0,0,0,0,0,0,NA,0,0,0,0,0,0,0,0,0,0,0,0,3,0,0,NA,NA,NA,NA,NA,NA,NA,NA,0,1
"201","522_Fm2_a_Marginal","Lek3_2021_522_a","YO|OO","Marginal",NA,"Fm2","a",522,17,"5","3_Lek3_5","3_Lek3",0,0,0,0,1,0,0,0,0,0,0,0,0,0,0,0,0,0,0,0,0,NA,0,0,0,0,0,0,0,0,0,0,0,0,1,0,0,NA,NA,NA,NA,NA,NA,NA,NA,0,1
"202","522_Fm2_m_Satellite","Lek4_2021_522_m","DbLb|OY","Satellite",NA,"Fm2","m",522,17,"5","3_Lek4_5","3_Lek4",0,0,0,0,5,0,0,0,0,0,0,0,0,0,0,0,0,0,1,0,7,2,1,1,13,1,0,0,0,0,0,0,0,2,2,0,0,13.25,NA,13.25,NA,NA,NA,NA,NA,0,1
"203","522_Fm2_m_Satellite","Lek4_2021_522_m","DbLb|RLb","Satellite",NA,"Fm2","m",522,17,"5","3_Lek4_5","3_Lek4",0,0,0,0,4,0,0,0,0,0,0,0,0,0,0,0,0,0,0,0,0,0,0,1,0,0,0,0,0,0,0,0,0,2,3,0,0,NA,NA,NA,NA,NA,NA,NA,NA,0,1
"204","522_Fm2_m_Satellite","Lek4_2021_522_m","YO|OLB","Satellite",NA,"Fm2","m",522,17,"5","3_Lek4_5","3_Lek4",4,1686.735,25,1,6,0,0,0,1,1,1,1,1,2,16,3,2,1,80,2,1548,1,1,1,188,0,0,0,1,1800.677,5,170.89,1,2,1,1,1,20.89,7.17,NA,NA,NA,NA,1800.68,NA,445.1,1
"205","523_Fm1_a_Satellite","Lek2_2021_523_a","DbLb|LbY","Satellite",NA,"Fm1","a",523,18,"5","3_Lek2_5","3_Lek2",0,0,0,0,6,0,0,0,0,0,0,0,0,0,0,0,0,0,0,0,0,0,0,1,0,0,0,0,0,0,0,0,0,2,3,0,0,NA,NA,NA,NA,NA,NA,NA,NA,0,1
"206","523_Fm1_a_Satellite","Lek2_2021_523_a","GLb|GY","Satellite",NA,"Fm1","a",523,18,"5","3_Lek2_5","3_Lek2",3,887.304,18,1,6,0,2,0,1,18,3,2,2,4,33,23,21,18,45,21,826,1,1,1,732,0,1,20.251,1,1747.176,0,0,0,2,1,1,1,21.58,18.95,NA,NA,20.25,NA,1747.18,NA,242.4,1
"207","523_Fm1_a_Satellite","Lek2_2021_523_a","ODb|YG","Satellite",NA,"Fm1","a",523,18,"5","3_Lek2_5","3_Lek2",2,56.324,2,1,1,0,0,0,0,0,0,0,0,1,1,0,0,0,1,0,14,2,1,1,0,0,0,0,0,0,0,0,0,2,2,0,0,NA,NA,NA,NA,NA,NA,NA,NA,35.2,1
"208","523_Fm1_m_Marginal","Lek1_2021_523_m","DbLb|DbP","Marginal",NA,"Fm1","m",523,18,"5","3_Lek1_5","3_Lek1",0,0,0,0,5,0,0,0,0,0,0,0,0,0,0,0,0,0,0,0,0,NA,0,0,0,0,0,0,0,0,0,0,0,0,3,0,0,NA,NA,NA,NA,NA,NA,NA,NA,0,1
"209","523_Fm1_m_Marginal","Lek1_2021_523_m","GO|LbY","Marginal",NA,"Fm1","m",523,18,"5","3_Lek1_5","3_Lek1",0,0,0,0,6,0,0,0,0,0,0,0,0,0,0,0,0,0,0,0,0,NA,0,0,1756,0,0,0,0,0,0,0,0,0,1,0,0,47.29,46.32,NA,NA,NA,NA,NA,NA,0,1
"210","523_Fm1_m_Marginal","Lek1_2021_523_m","RG|LbDb","Marginal",NA,"Fm1","m",523,18,"5","3_Lek1_5","3_Lek1",0,0,0,0,1,0,0,0,0,0,0,0,0,0,0,0,0,0,0,0,0,NA,0,0,0,0,0,0,0,0,0,0,0,0,2,0,0,NA,NA,NA,NA,NA,NA,NA,NA,0,1
"211","523_Fm2_a_Marginal","Lek3_2021_523_a","ODb|YDb","Marginal",NA,"Fm2","a",523,18,"5","3_Lek3_5","3_Lek3",4,569.7,11,1,6,0,0,0,0,0,0,1,1,2,5,1,0,0,0,0,0,NA,0,0,1506,0,0,0,0,0,0,0,0,0,2,0,0,501.98,844.93,NA,NA,NA,NA,NA,NA,155.2,1
"212","523_Fm2_a_Marginal","Lek3_2021_523_a","XO|XX","Marginal",NA,"Fm2","a",523,18,"5","3_Lek3_5","3_Lek3",0,0,0,0,2,0,0,0,0,0,0,0,0,0,0,0,0,0,0,0,0,NA,0,0,0,0,0,0,0,0,0,0,0,0,3,0,0,NA,NA,NA,NA,NA,NA,NA,NA,0,1
"213","523_Fm2_a_Marginal","Lek3_2021_523_a","YO|OO","Marginal",NA,"Fm2","a",523,18,"5","3_Lek3_5","3_Lek3",0,0,0,0,3,0,0,0,0,0,0,0,0,0,0,0,0,0,0,0,0,NA,0,0,698,0,0,0,0,0,0,0,0,0,1,0,0,232.82,378.14,NA,NA,NA,NA,NA,NA,0,1
"214","523_Fm2_m_Satellite","Lek4_2021_523_m","DbLb|OY","Satellite",NA,"Fm2","m",523,18,"5","3_Lek4_5","3_Lek4",2,26.44,3,1,5,0,0,0,0,0,0,0,0,1,1,0,0,0,2,0,31,2,1,1,5,2,0,0,0,0,0,0,0,2,2,0,0,2.7,0.78,2.7,0.78,NA,NA,NA,NA,10.7,1
"215","523_Fm2_m_Satellite","Lek4_2021_523_m","DbLb|RLb","Satellite",NA,"Fm2","m",523,18,"5","3_Lek4_5","3_Lek4",0,0,0,0,1,0,0,0,0,0,0,0,0,0,0,0,0,0,0,0,0,0,0,1,0,0,0,0,0,0,1,13.497,1,2,3,0,0,NA,NA,NA,NA,NA,NA,NA,NA,0,1
"216","523_Fm2_m_Satellite","Lek4_2021_523_m","YO|OLB","Satellite",NA,"Fm2","m",523,18,"5","3_Lek4_5","3_Lek4",4,1688.749,26,1,6,0,0,0,2,3,2,2,3,3,39,8,5,3,64,5,986,1,1,1,693,0,0,0,1,1732.558,14,114.589,1,2,1,1,1,23.87,8.425,NA,NA,NA,NA,1732.56,NA,457.8,1
"217","524_Fm1_a_Marginal","Lek2_2021_524_a","ODb|YG","Marginal",NA,"Fm1","a",524,19,"6","2_Lek2_6","2_Lek2",0,0,0,0,2,0,0,0,0,0,0,0,0,0,0,0,0,0,0,0,0,NA,0,0,0,0,0,0,0,0,0,0,0,0,1,0,0,NA,NA,NA,NA,NA,NA,NA,NA,0,1
"218","524_Fm1_a_Marginal","Lek2_2021_524_a","RG|LbDb","Marginal",NA,"Fm1","a",524,19,"6","2_Lek2_6","2_Lek2",0,0,0,0,0,0,0,0,0,0,0,0,0,0,0,0,0,0,0,0,0,NA,0,0,0,0,0,0,0,0,0,0,0,0,2,0,0,NA,NA,NA,NA,NA,NA,NA,NA,0,1
"219","524_Fm1_a_Marginal","Lek2_2021_524_a","YO|OO","Marginal",NA,"Fm1","a",524,19,"6","2_Lek2_6","2_Lek2",0,0,0,0,3,0,0,0,0,0,0,0,0,0,0,0,0,0,0,0,0,NA,0,0,0,0,0,0,0,0,0,0,0,0,3,0,0,NA,NA,NA,NA,NA,NA,NA,NA,0,1
"220","524_Fm1_m_Satellite","Lek1_2021_524_m","DbLb|RLb","Satellite",NA,"Fm1","m",524,19,"6","2_Lek1_6","2_Lek1",0,0,0,0,5,0,0,0,0,0,0,0,0,0,0,0,0,0,18,0,606,2,1,1,1092,0,0,0,1,121.748,0,0,0,2,1,0,0,45.675,62.27,NA,NA,NA,NA,121.75,NA,0,1
"221","524_Fm1_m_Satellite","Lek1_2021_524_m","GLb|GY","Satellite",NA,"Fm1","m",524,19,"6","2_Lek1_6","2_Lek1",2,216.015,6,1,3,0,0,0,0,4,0,0,0,2,8,4,4,4,19,4,949,1,1,1,1180,7,0,0,2,802.546,0,0,0,2,3,1,1,38.305,44.0625,35.57,22.21,NA,NA,401.27,NA,80.3,1
"222","524_Fm1_m_Satellite","Lek1_2021_524_m","XO|XX","Satellite",NA,"Fm1","m",524,19,"6","2_Lek1_6","2_Lek1",0,0,0,0,1,0,0,0,0,0,0,0,0,0,0,0,0,0,0,0,0,0,0,1,0,0,0,0,0,0,0,0,0,2,2,0,0,NA,NA,NA,NA,NA,NA,NA,NA,0,1
"223","524_Fm2_a_Satellite","Lek3_2021_524_a","DbLb|DbP","Satellite",NA,"Fm2","a",524,19,"6","2_Lek3_6","2_Lek3",5,1955.329,30,1,6,0,0,1,1,2,2,1,2,4,34,6,4,2,19,4,222,2,1,1,1253,0,0,0,1,1799.378,15,430.553,1,2,1,1,1,29.82,28.66,NA,NA,NA,NA,1799.38,NA,208.1,1
"224","524_Fm2_a_Satellite","Lek3_2021_524_a","DbLb|OY","Satellite",NA,"Fm2","a",524,19,"6","2_Lek3_6","2_Lek3",0,0,0,0,6,0,0,0,0,0,0,0,0,0,0,0,0,0,0,0,0,0,0,1,0,0,0,0,0,0,0,0,0,2,3,0,0,NA,NA,NA,NA,NA,NA,NA,NA,0,1
"225","524_Fm2_a_Satellite","Lek3_2021_524_a","ODb|YDb","Satellite",NA,"Fm2","a",524,19,"6","2_Lek3_6","2_Lek3",2,577.414,6,1,6,0,0,0,0,1,0,0,0,2,2,1,1,1,21,1,358,1,1,1,1193,6,0,0,1,597.753,0,0,0,2,2,1,1,19.6125,15.09,25.91,21.08,NA,NA,597.75,NA,205.9,1
"226","524_Fm2_m_Marginal","Lek4_2021_524_m","DbLb|LbY","Marginal",NA,"Fm2","m",524,19,"6","2_Lek4_6","2_Lek4",0,0,0,0,3,0,0,0,0,0,0,0,0,0,0,0,0,0,0,0,0,NA,0,0,0,0,0,0,0,0,0,0,0,1,3,0,0,NA,NA,NA,NA,NA,NA,NA,NA,0,1
"227","524_Fm2_m_Marginal","Lek4_2021_524_m","GO|LbY","Marginal",NA,"Fm2","m",524,19,"6","2_Lek4_6","2_Lek4",0,0,0,0,4,0,0,0,0,0,0,0,0,0,0,0,0,0,0,0,0,NA,0,0,0,0,0,0,0,0,0,0,0,1,2,0,0,NA,NA,NA,NA,NA,NA,NA,NA,0,1
"228","524_Fm2_m_Marginal","Lek4_2021_524_m","YO|OLB","Marginal",NA,"Fm2","m",524,19,"6","2_Lek4_6","2_Lek4",3,1783.838,23,1,6,0,0,0,0,12,0,3,3,3,61,15,12,12,0,12,0,NA,0,0,1707,0,0,0,0,0,0,0,0,1,1,1,1,16.74,15.53,NA,NA,NA,NA,NA,NA,297.8,1
"229","525_Fm1_a_Satellite","Lek1_2021_525_a","DbLb|RLb","Satellite",NA,"Fm1","a",525,20,"6","2_Lek1_6","2_Lek1",0,0,0,0,6,0,0,0,0,0,0,0,0,0,0,0,0,0,13,0,226,1,1,1,1557,0,0,0,1,1793.242,0,0,0,0,1,0,0,62.99,77.26,NA,NA,NA,NA,1793.24,NA,0,1
"230","525_Fm1_a_Satellite","Lek1_2021_525_a","GLb|GY","Satellite",NA,"Fm1","a",525,20,"6","2_Lek1_6","2_Lek1",0,0,0,0,4,0,0,0,0,0,0,0,0,0,0,0,0,0,0,0,0,0,0,1,0,0,0,0,0,0,0,0,0,0,3,0,0,NA,NA,NA,NA,NA,NA,NA,NA,0,1
"231","525_Fm1_a_Satellite","Lek1_2021_525_a","XO|XX","Satellite",NA,"Fm1","a",525,20,"6","2_Lek1_6","2_Lek1",0,0,0,0,0,0,0,0,0,0,0,0,0,0,0,0,0,0,0,0,0,0,0,1,0,0,0,0,0,0,0,0,0,0,2,0,0,NA,NA,NA,NA,NA,NA,NA,NA,0,1
"232","525_Fm1_m_Marginal","Lek2_2021_525_m","ODb|YG","Marginal",NA,"Fm1","m",525,20,"6","2_Lek2_6","2_Lek2",0,0,0,0,5,0,0,0,0,0,0,0,0,0,0,0,0,0,0,0,0,NA,0,0,0,0,0,0,0,0,0,0,0,0,1,0,0,NA,NA,NA,NA,NA,NA,NA,NA,0,1
"233","525_Fm1_m_Marginal","Lek2_2021_525_m","RG|LbDb","Marginal",NA,"Fm1","m",525,20,"6","2_Lek2_6","2_Lek2",0,0,0,0,1,0,0,0,0,0,0,0,0,0,0,0,0,0,0,0,0,NA,0,0,0,0,0,0,0,0,0,0,0,0,2,0,0,NA,NA,NA,NA,NA,NA,NA,NA,0,1
"234","525_Fm1_m_Marginal","Lek2_2021_525_m","YO|OO","Marginal",NA,"Fm1","m",525,20,"6","2_Lek2_6","2_Lek2",0,0,0,0,6,0,0,0,0,0,0,0,0,0,0,0,0,0,0,0,0,NA,0,0,0,0,0,0,0,0,0,0,0,0,3,0,0,NA,NA,NA,NA,NA,NA,NA,NA,0,1
"235","525_Fm2_a_Marginal","Lek4_2021_525_a","DbLb|LbY","Marginal",NA,"Fm2","a",525,20,"6","2_Lek4_6","2_Lek4",0,0,0,0,0,0,0,0,0,0,0,0,0,0,0,0,0,0,0,0,0,NA,0,0,0,0,0,0,0,0,0,0,0,1,3,0,0,NA,NA,NA,NA,NA,NA,NA,NA,0,1
"236","525_Fm2_a_Marginal","Lek4_2021_525_a","GO|LbY","Marginal",NA,"Fm2","a",525,20,"6","2_Lek4_6","2_Lek4",0,0,0,0,0,0,0,0,0,0,0,0,0,0,0,0,0,0,0,0,0,NA,0,0,0,0,0,0,0,0,0,0,0,1,2,0,0,NA,NA,NA,NA,NA,NA,NA,NA,0,1
"237","525_Fm2_a_Marginal","Lek4_2021_525_a","YO|OLB","Marginal",NA,"Fm2","a",525,20,"6","2_Lek4_6","2_Lek4",2,567.18,6,1,5,0,0,0,0,2,0,2,2,2,8,4,2,2,0,2,0,NA,0,0,1785,0,0,0,0,0,0,0,0,1,1,1,1,21.25,22.17,NA,NA,NA,NA,NA,NA,157.1,1
"238","525_Fm2_m_Satellite","Lek3_2021_525_m","DbLb|DbP","Satellite",NA,"Fm2","m",525,20,"6","2_Lek3_6","2_Lek3",2,277.279,9,1,6,0,0,0,0,1,0,1,2,1,3,3,1,1,66,1,783,1,1,1,921,0,0,0,1,1794.879,15,331.744,1,2,1,1,1,9.69,12.2,NA,NA,NA,NA,1794.88,NA,52,1
"239","525_Fm2_m_Satellite","Lek3_2021_525_m","DbLb|OY","Satellite",NA,"Fm2","m",525,20,"6","2_Lek3_6","2_Lek3",1,58.964,2,1,6,0,0,0,0,2,0,0,0,1,2,2,2,2,0,2,0,0,0,1,0,0,0,0,0,0,0,0,0,2,3,1,1,NA,NA,NA,NA,NA,NA,NA,NA,51.3,1
"240","525_Fm2_m_Satellite","Lek3_2021_525_m","ODb|YDb","Satellite",NA,"Fm2","m",525,20,"6","2_Lek3_6","2_Lek3",1,94.466,1,1,5,0,0,0,0,0,0,0,0,0,0,0,0,0,15,0,287,2,1,1,1373,6,0,0,1,462.646,0,0,0,2,2,0,0,25.4275,31.4525,6.29,3.6,NA,NA,462.65,NA,94.5,1
"241","526_Fm1_a_Marginal","Lek2_2021_526_a","ODb|YG","Marginal",NA,"Fm1","a",526,21,"6","2_Lek2_6","2_Lek2",0,0,0,0,3,0,0,0,0,0,0,0,0,0,0,0,0,0,0,0,0,NA,0,0,0,0,0,0,0,0,0,0,0,0,2,0,0,NA,NA,NA,NA,NA,NA,NA,NA,0,1
"242","526_Fm1_a_Marginal","Lek2_2021_526_a","RG|LbDb","Marginal",NA,"Fm1","a",526,21,"6","2_Lek2_6","2_Lek2",0,0,0,0,1,0,0,0,0,0,0,0,0,0,0,0,0,0,0,0,0,NA,0,0,0,0,0,0,0,0,0,0,0,0,1,0,0,NA,NA,NA,NA,NA,NA,NA,NA,0,1
"243","526_Fm1_a_Marginal","Lek2_2021_526_a","YO|OO","Marginal",NA,"Fm1","a",526,21,"6","2_Lek2_6","2_Lek2",0,0,0,0,4,0,0,0,0,0,0,0,0,0,0,0,0,0,0,0,0,NA,0,0,0,0,0,0,0,0,0,0,0,0,3,0,0,NA,NA,NA,NA,NA,NA,NA,NA,0,1
"244","526_Fm1_m_Satellite","Lek1_2021_526_m","DbLb|RLb","Satellite",NA,"Fm1","m",526,21,"6","2_Lek1_6","2_Lek1",0,0,0,0,6,0,0,0,0,0,0,0,0,0,0,0,0,0,0,0,0,NA,0,0,0,0,0,0,0,0,0,0,0,0,1,0,0,NA,NA,NA,NA,NA,NA,NA,NA,0,1
"245","526_Fm1_m_Satellite","Lek1_2021_526_m","GLb|GY","Satellite",NA,"Fm1","m",526,21,"6","2_Lek1_6","2_Lek1",1,133.713,2,1,6,0,0,0,0,0,0,0,0,1,2,0,0,0,0,0,0,NA,0,0,1627,5,2,115.5,0,0,0,0,0,0,2,0,0,69.64,70.6933333333333,79.3,102.9,57.75,39.59,NA,NA,129.1,1
"246","526_Fm1_m_Satellite","Lek1_2021_526_m","XO|XX","Satellite",NA,"Fm1","m",526,21,"6","2_Lek1_6","2_Lek1",0,0,0,0,1,0,0,0,0,0,0,0,0,0,0,0,0,0,0,0,0,NA,0,0,0,0,0,0,0,0,0,0,0,0,3,0,0,NA,NA,NA,NA,NA,NA,NA,NA,0,1
"247","526_Fm2_a_Satellite","Lek3_2021_526_a","DbLb|DbP","Satellite",NA,"Fm2","a",526,21,"6","2_Lek3_6","2_Lek3",1,3.72,1,1,6,0,0,0,0,0,0,0,0,0,0,0,0,0,31,0,429,1,1,1,1303,0,0,0,1,1492.073,14,272.597,1,0,1,0,0,39.755,42.505,NA,NA,NA,NA,1492.07,NA,3.7,1
"248","526_Fm2_a_Satellite","Lek3_2021_526_a","DbLb|OY","Satellite",NA,"Fm2","a",526,21,"6","2_Lek3_6","2_Lek3",0,0,0,0,6,0,0,0,0,0,0,0,0,0,0,0,0,0,0,0,0,0,0,1,0,0,0,0,0,0,0,0,0,0,3,0,0,NA,NA,NA,NA,NA,NA,NA,NA,0,1
"249","526_Fm2_a_Satellite","Lek3_2021_526_a","ODb|YDb","Satellite",NA,"Fm2","a",526,21,"6","2_Lek3_6","2_Lek3",0,0,0,0,6,0,0,0,0,0,0,0,0,0,0,0,0,0,1,0,54,2,1,1,199,5,0,0,0,0,0,0,0,0,2,0,0,39.81,31.62,39.81,31.62,NA,NA,NA,NA,0,1
"250","526_Fm2_m_Marginal","Lek4_2021_526_m","DbLb|LbY","Marginal",NA,"Fm2","m",526,21,"6","2_Lek4_6","2_Lek4",0,0,0,0,3,0,0,0,0,0,0,0,0,0,0,0,0,0,0,0,0,NA,0,0,0,0,0,0,0,0,0,0,0,0,3,0,0,NA,NA,NA,NA,NA,NA,NA,NA,0,1
"251","526_Fm2_m_Marginal","Lek4_2021_526_m","GO|LbY","Marginal",NA,"Fm2","m",526,21,"6","2_Lek4_6","2_Lek4",0,0,0,0,1,0,0,0,0,0,0,0,0,0,0,0,0,0,0,0,0,NA,0,0,0,0,0,0,0,0,0,0,0,0,2,0,0,NA,NA,NA,NA,NA,NA,NA,NA,0,1
"252","526_Fm2_m_Marginal","Lek4_2021_526_m","YO|OLB","Marginal",NA,"Fm2","m",526,21,"6","2_Lek4_6","2_Lek4",1,63.039,1,1,6,0,0,0,0,0,0,0,0,0,0,0,0,0,0,0,0,NA,0,0,1762,1,0,0,0,0,0,0,0,0,1,0,0,9.38,16.93,2,NA,NA,NA,NA,NA,63,1
"253","527_Fm1_a_Marginal","Lek1_2021_527_a","DbLb|RLb","Marginal",NA,"Fm1","a",527,22,"6","2_Lek1_6","2_Lek1",0,0,0,0,6,0,0,0,0,0,0,0,0,0,0,0,0,0,0,0,0,NA,0,0,1698,0,0,0,0,0,0,0,0,1,1,0,0,223.31,332.02,NA,NA,NA,NA,NA,NA,0,1
"254","527_Fm1_a_Marginal","Lek1_2021_527_a","GLb|GY","Marginal",NA,"Fm1","a",527,22,"6","2_Lek1_6","2_Lek1",1,15.112,3,1,4,0,0,0,0,2,0,0,0,1,3,2,2,2,0,2,0,NA,0,0,1730,0,0,0,0,0,0,0,0,1,2,1,1,330.49,341.18,NA,NA,NA,NA,NA,NA,5.9,1
"255","527_Fm1_a_Marginal","Lek1_2021_527_a","XO|XX","Marginal",NA,"Fm1","a",527,22,"6","2_Lek1_6","2_Lek1",0,0,0,0,1,0,0,0,0,0,0,0,0,0,0,0,0,0,0,0,0,NA,0,0,0,0,0,0,0,0,0,0,0,1,3,0,0,NA,NA,NA,NA,NA,NA,NA,NA,0,1
"256","527_Fm1_m_Satellite","Lek2_2021_527_m","ODb|YG","Satellite",NA,"Fm1","m",527,22,"6","2_Lek2_6","2_Lek2",0,0,0,0,6,0,0,0,0,0,0,0,0,0,0,0,0,0,11,0,215,1,1,1,1398,0,0,0,1,453.28,0,0,0,0,1,0,0,43.955,53.42,NA,NA,NA,NA,453.28,NA,0,1
"257","527_Fm1_m_Satellite","Lek2_2021_527_m","RG|LbDb","Satellite",NA,"Fm1","m",527,22,"6","2_Lek2_6","2_Lek2",0,0,0,0,6,0,0,0,0,0,0,0,0,0,0,0,0,0,0,0,0,0,0,1,0,0,0,0,0,0,0,0,0,0,2,0,0,NA,NA,NA,NA,NA,NA,NA,NA,0,1
"258","527_Fm1_m_Satellite","Lek2_2021_527_m","YO|OO","Satellite",NA,"Fm1","m",527,22,"6","2_Lek2_6","2_Lek2",0,0,0,0,5,0,0,0,0,0,0,0,0,0,0,0,0,0,0,0,0,0,0,1,0,0,0,0,0,0,0,0,0,0,3,0,0,NA,NA,NA,NA,NA,NA,NA,NA,0,1
"259","527_Fm2_a_Satellite","Lek4_2021_527_a","DbLb|LbY","Satellite",NA,"Fm2","a",527,22,"6","2_Lek4_6","2_Lek4",0,0,0,0,5,0,0,0,0,0,0,0,0,0,0,0,0,0,0,0,0,0,0,1,0,0,0,0,0,0,0,0,0,0,3,0,0,NA,NA,NA,NA,NA,NA,NA,NA,0,1
"260","527_Fm2_a_Satellite","Lek4_2021_527_a","GO|LbY","Satellite",NA,"Fm2","a",527,22,"6","2_Lek4_6","2_Lek4",0,0,0,0,2,0,0,0,0,0,0,0,0,0,0,0,0,0,1,0,67,2,1,1,77,1,0,0,0,0,0,0,0,0,2,0,0,76.9,NA,76.9,NA,NA,NA,NA,NA,0,1
"261","527_Fm2_a_Satellite","Lek4_2021_527_a","YO|OLB","Satellite",NA,"Fm2","a",527,22,"6","2_Lek4_6","2_Lek4",0,0,0,0,5,0,0,0,0,0,0,0,0,0,0,0,0,0,31,0,683,1,1,1,1087,4,0,0,3,805.606,1,7.247,1,0,1,0,0,15.9175,17.175,13.53,14.94,NA,NA,268.54,227.41,0,1
"262","527_Fm2_m_Marginal","Lek3_2021_527_m","DbLb|DbP","Marginal",NA,"Fm2","m",527,22,"6","2_Lek3_6","2_Lek3",0,0,0,0,6,0,0,0,0,0,0,0,0,0,0,0,0,0,0,0,0,NA,0,0,1723,0,0,0,0,0,0,0,0,0,1,0,0,22.12,23.68,NA,NA,NA,NA,NA,NA,0,1
"263","527_Fm2_m_Marginal","Lek3_2021_527_m","DbLb|OY","Marginal",NA,"Fm2","m",527,22,"6","2_Lek3_6","2_Lek3",1,38.383,2,1,5,0,0,0,0,0,0,1,7,1,7,7,0,0,0,0,0,NA,0,0,0,0,0,0,0,0,0,0,0,0,3,0,0,NA,NA,NA,NA,NA,NA,NA,NA,20.1,1
"264","527_Fm2_m_Marginal","Lek3_2021_527_m","ODb|YDb","Marginal",NA,"Fm2","m",527,22,"6","2_Lek3_6","2_Lek3",0,0,0,0,6,0,0,0,0,0,0,0,0,0,0,0,0,0,0,0,0,NA,0,0,1609,0,0,0,0,0,0,0,0,0,2,0,0,21.02,29.14,NA,NA,NA,NA,NA,NA,0,1
"265","528_Fm1_a_Satellite","Lek2_2021_528_a","ODb|YG","Satellite",NA,"Fm1","a",528,23,"6","2_Lek2_6","2_Lek2",0,0,0,0,4,0,0,0,0,0,0,0,0,0,0,0,0,0,0,0,0,NA,0,0,0,0,0,0,0,0,0,0,0,0,1,0,0,NA,NA,NA,NA,NA,NA,NA,NA,0,1
"266","528_Fm1_a_Satellite","Lek2_2021_528_a","RG|LbDb","Satellite",NA,"Fm1","a",528,23,"6","2_Lek2_6","2_Lek2",0,0,0,0,0,0,0,0,0,0,0,0,0,0,0,0,0,0,0,0,0,NA,0,0,0,0,0,0,0,0,0,0,0,0,2,0,0,NA,NA,NA,NA,NA,NA,NA,NA,0,1
"267","528_Fm1_a_Satellite","Lek2_2021_528_a","YO|OO","Satellite",NA,"Fm1","a",528,23,"6","2_Lek2_6","2_Lek2",0,0,0,0,1,0,0,0,0,0,0,0,0,0,0,0,0,0,0,0,0,NA,0,0,0,0,0,0,0,0,0,0,0,0,3,0,0,NA,NA,NA,NA,NA,NA,NA,NA,0,1
"268","528_Fm1_m_Marginal","Lek1_2021_528_m","DbLb|RLb","Marginal",NA,"Fm1","m",528,23,"6","2_Lek1_6","2_Lek1",0,0,0,0,6,0,0,0,0,0,0,0,0,0,0,0,0,0,0,0,0,NA,0,0,1782,0,0,0,0,0,0,0,0,1,1,0,0,34.63,38.25,NA,NA,NA,NA,NA,NA,0,1
"269","528_Fm1_m_Marginal","Lek1_2021_528_m","GLb|GY","Marginal",NA,"Fm1","m",528,23,"6","2_Lek1_6","2_Lek1",1,401.365,6,1,6,0,0,0,0,6,0,1,6,1,17,12,6,6,0,6,0,NA,0,0,1696,0,0,0,0,0,0,0,0,1,2,1,1,41.24,43.9,NA,NA,NA,NA,NA,NA,119.2,1
"270","528_Fm1_m_Marginal","Lek1_2021_528_m","XO|XX","Marginal",NA,"Fm1","m",528,23,"6","2_Lek1_6","2_Lek1",0,0,0,0,1,0,0,0,0,0,0,0,0,0,0,0,0,0,0,0,0,NA,0,0,0,0,0,0,0,0,0,0,0,1,3,0,0,NA,NA,NA,NA,NA,NA,NA,NA,0,1
"271","528_Fm2_a_Marginal","Lek3_2021_528_a","DbLb|DbP","Marginal",NA,"Fm2","a",528,23,"6","2_Lek3_6","2_Lek3",1,102.429,1,1,6,0,0,0,0,0,0,0,0,0,0,0,0,0,0,0,0,NA,0,0,1779,0,0,0,0,0,0,0,0,1,1,0,0,16.61,15,NA,NA,NA,NA,NA,NA,102.4,1
"272","528_Fm2_a_Marginal","Lek3_2021_528_a","DbLb|OY","Marginal",NA,"Fm2","a",528,23,"6","2_Lek3_6","2_Lek3",1,24.738,2,1,6,0,0,0,0,1,0,1,2,1,2,3,1,1,0,1,0,NA,0,0,0,0,0,0,0,0,0,0,0,1,3,1,1,NA,NA,NA,NA,NA,NA,NA,NA,15.4,1
"273","528_Fm2_a_Marginal","Lek3_2021_528_a","ODb|YDb","Marginal",NA,"Fm2","a",528,23,"6","2_Lek3_6","2_Lek3",0,0,0,0,3,0,0,0,0,0,0,0,0,0,0,0,0,0,0,0,0,NA,0,0,0,0,0,0,0,0,0,0,0,1,2,0,0,NA,NA,NA,NA,NA,NA,NA,NA,0,1
"274","528_Fm2_m_Satellite","Lek4_2021_528_m","DbLb|LbY","Satellite",NA,"Fm2","m",528,23,"6","2_Lek4_6","2_Lek4",0,0,0,0,5,0,0,0,0,0,0,0,0,0,0,0,0,0,0,0,0,0,0,1,0,0,0,0,0,0,0,0,0,0,3,0,0,NA,NA,NA,NA,NA,NA,NA,NA,0,1
"275","528_Fm2_m_Satellite","Lek4_2021_528_m","GO|LbY","Satellite",NA,"Fm2","m",528,23,"6","2_Lek4_6","2_Lek4",0,0,0,0,2,0,0,0,0,0,0,0,0,0,0,0,0,0,0,0,0,0,0,1,0,0,0,0,0,0,0,0,0,0,2,0,0,NA,NA,NA,NA,NA,NA,NA,NA,0,1
"276","528_Fm2_m_Satellite","Lek4_2021_528_m","YO|OLB","Satellite",NA,"Fm2","m",528,23,"6","2_Lek4_6","2_Lek4",0,0,0,0,6,0,0,0,0,0,0,0,0,0,0,0,0,0,47,0,1042,1,1,1,634,1,0,0,1,1777.3,0,0,0,0,1,0,0,10.765,13.51,0.75,NA,NA,NA,1777.3,NA,0,1
"277","529_Fm1_a_Marginal","Lek1_2021_529_a","DbLb|RLb","Marginal",NA,"Fm1","a",529,24,"6","2_Lek1_6","2_Lek1",0,0,0,0,5,0,0,0,0,0,0,0,0,0,0,0,0,0,0,0,0,NA,0,0,0,0,0,0,0,0,0,0,0,1,1,0,0,NA,NA,NA,NA,NA,NA,NA,NA,0,1
"278","529_Fm1_a_Marginal","Lek1_2021_529_a","GLb|GY","Marginal",NA,"Fm1","a",529,24,"6","2_Lek1_6","2_Lek1",1,202.504,3,1,5,0,0,0,0,4,0,2,7,2,12,11,4,4,0,4,0,NA,0,0,1460,0,0,0,0,0,0,0,0,1,2,1,1,51.89,57.49,NA,NA,NA,NA,NA,NA,149.2,1
"279","529_Fm1_a_Marginal","Lek1_2021_529_a","XO|XX","Marginal",NA,"Fm1","a",529,24,"6","2_Lek1_6","2_Lek1",0,0,0,0,1,0,0,0,0,0,0,0,0,0,0,0,0,0,0,0,0,NA,0,0,0,0,0,0,0,0,0,0,0,1,3,0,0,NA,NA,NA,NA,NA,NA,NA,NA,0,1
"280","529_Fm1_m_Satellite","Lek2_2021_529_m","ODb|YG","Satellite",NA,"Fm1","m",529,24,"6","2_Lek2_6","2_Lek2",0,0,0,0,6,0,0,0,0,0,0,0,0,0,0,0,0,0,17,0,524,1,1,1,1159,1,0,0,1,1770.239,0,0,0,0,1,0,0,19.635,22.2,24.1,NA,NA,NA,1770.24,NA,0,1
"281","529_Fm1_m_Satellite","Lek2_2021_529_m","RG|LbDb","Satellite",NA,"Fm1","m",529,24,"6","2_Lek2_6","2_Lek2",0,0,0,0,2,0,0,0,0,0,0,0,0,0,0,0,0,0,0,0,0,0,0,1,0,0,0,0,0,0,0,0,0,0,2,0,0,NA,NA,NA,NA,NA,NA,NA,NA,0,1
"282","529_Fm1_m_Satellite","Lek2_2021_529_m","YO|OO","Satellite",NA,"Fm1","m",529,24,"6","2_Lek2_6","2_Lek2",0,0,0,0,3,0,0,0,0,0,0,0,0,0,0,0,0,0,0,0,0,0,0,1,0,0,0,0,0,0,0,0,0,0,3,0,0,NA,NA,NA,NA,NA,NA,NA,NA,0,1
"283","529_Fm2_a_Satellite","Lek4_2021_529_a","DbLb|LbY","Satellite",NA,"Fm2","a",529,24,"6","2_Lek4_6","2_Lek4",0,0,0,0,5,0,0,0,0,0,0,0,0,0,0,0,0,0,0,0,0,0,0,1,0,0,0,0,0,0,0,0,0,2,3,0,0,NA,NA,NA,NA,NA,NA,NA,NA,0,1
"284","529_Fm2_a_Satellite","Lek4_2021_529_a","GO|LbY","Satellite",NA,"Fm2","a",529,24,"6","2_Lek4_6","2_Lek4",0,0,0,0,2,0,0,0,0,0,0,0,0,0,0,0,0,0,3,0,50,2,1,1,0,0,0,0,0,0,0,0,0,2,2,0,0,NA,NA,NA,NA,NA,NA,NA,NA,0,1
"285","529_Fm2_a_Satellite","Lek4_2021_529_a","YO|OLB","Satellite",NA,"Fm2","a",529,24,"6","2_Lek4_6","2_Lek4",1,83.513,3,1,6,0,0,0,0,1,0,1,5,1,8,6,1,1,50,1,1177,1,1,1,565,0,0,0,1,1698.373,0,0,0,2,1,1,1,13.545,7.75,NA,NA,NA,NA,1698.37,NA,42.3,1
"286","529_Fm2_m_Marginal","Lek3_2021_529_m","DbLb|DbP","Marginal",NA,"Fm2","m",529,24,"6","2_Lek3_6","2_Lek3",2,1069.864,14,1,6,0,0,0,0,2,0,2,2,2,42,4,2,2,0,2,0,NA,0,0,1525,0,0,0,0,0,0,0,0,1,1,1,1,11.33,10.28,NA,NA,NA,NA,NA,NA,359.3,1
"287","529_Fm2_m_Marginal","Lek3_2021_529_m","DbLb|OY","Marginal",NA,"Fm2","m",529,24,"6","2_Lek3_6","2_Lek3",2,254.187,9,1,6,0,0,0,0,5,0,1,3,2,12,8,5,5,0,5,0,NA,0,0,0,0,0,0,0,0,0,0,0,1,3,1,1,NA,NA,NA,NA,NA,NA,NA,NA,106.5,1
"288","529_Fm2_m_Marginal","Lek3_2021_529_m","ODb|YDb","Marginal",NA,"Fm2","m",529,24,"6","2_Lek3_6","2_Lek3",0,0,0,0,5,0,0,0,0,0,0,0,0,0,0,0,0,0,0,0,0,NA,0,0,1576,2,0,0,0,0,0,0,0,1,2,0,0,18.78,11.985,18.72,5.7,NA,NA,NA,NA,0,1
"289","530_Fm1_a_Satellite","Lek1_2021_530_a","DbLb|LbY","Satellite",NA,"Fm1","a",530,25,"7a","1_Lek1_7a","1_Lek1",0,0,0,0,6,0,0,0,0,0,0,0,0,0,0,0,0,0,28,0,670,1,1,1,1089,0,0,0,1,1661.803,6,58.843,1,0,1,0,0,31.875,31.62,NA,NA,NA,NA,1661.8,NA,0,1
"290","530_Fm1_a_Satellite","Lek1_2021_530_a","RG|LbDb","Satellite",NA,"Fm1","a",530,25,"7a","1_Lek1_7a","1_Lek1",0,0,0,0,0,0,0,0,0,0,0,0,0,0,0,0,0,0,0,0,0,0,0,1,0,0,0,0,0,0,0,0,0,0,3,0,0,NA,NA,NA,NA,NA,NA,NA,NA,0,1
"291","530_Fm1_a_Satellite","Lek1_2021_530_a","XO|XX","Satellite",NA,"Fm1","a",530,25,"7a","1_Lek1_7a","1_Lek1",0,0,0,0,0,0,0,0,0,0,0,0,0,0,0,0,0,0,0,0,0,0,0,1,0,0,0,0,0,0,0,0,0,0,2,0,0,NA,NA,NA,NA,NA,NA,NA,NA,0,1
"292","530_Fm1_m_Satellite","Lek1_2021_530_m","DbLb|LbY","Satellite",NA,"Fm1","m",530,25,"7m","1_Lek1_7m","1_Lek1",0,0,0,0,6,0,0,0,0,0,0,0,0,0,0,0,0,0,21,0,790,1,1,1,900,1,0,0,1,1794.774,0,0,0,0,1,0,0,24.42,44.9,6.26,NA,NA,NA,1794.77,NA,0,1
"293","530_Fm1_m_Satellite","Lek1_2021_530_m","RG|LbDb","Satellite",NA,"Fm1","m",530,25,"7m","1_Lek1_7m","1_Lek1",0,0,0,0,1,0,0,0,0,0,0,0,0,0,0,0,0,0,0,0,0,0,0,1,0,0,0,0,0,0,0,0,0,0,3,0,0,NA,NA,NA,NA,NA,NA,NA,NA,0,1
"294","530_Fm1_m_Satellite","Lek1_2021_530_m","XO|XX","Satellite",NA,"Fm1","m",530,25,"7m","1_Lek1_7m","1_Lek1",0,0,0,0,1,0,0,0,0,0,0,0,0,0,0,0,0,0,0,0,0,0,0,1,0,0,0,0,0,0,0,0,0,0,2,0,0,NA,NA,NA,NA,NA,NA,NA,NA,0,1
"295","530_Fm2_a_Marginal","Lek3_2021_530_a","GLb|GY","Marginal",NA,"Fm2","a",530,25,"7a","1_Lek3_7a","1_Lek3",1,19.026,1,1,6,0,0,0,0,1,0,0,0,1,1,1,1,1,0,1,0,NA,0,0,1736,0,0,0,0,0,0,0,0,1,1,1,1,16.92,19.74,NA,NA,NA,NA,NA,NA,19,1
"296","530_Fm2_a_Marginal","Lek3_2021_530_a","GO|LbY","Marginal",NA,"Fm2","a",530,25,"7a","1_Lek3_7a","1_Lek3",0,0,0,0,2,0,0,0,0,0,0,0,0,0,0,0,0,0,0,0,0,NA,0,0,0,0,0,0,0,0,0,0,0,1,2,0,0,NA,NA,NA,NA,NA,NA,NA,NA,0,1
"297","530_Fm2_a_Marginal","Lek3_2021_530_a","YO|OO","Marginal",NA,"Fm2","a",530,25,"7a","1_Lek3_7a","1_Lek3",0,0,0,0,0,0,0,0,0,0,0,0,0,0,0,0,0,0,0,0,0,NA,0,0,0,0,0,0,0,0,0,0,0,1,3,0,0,NA,NA,NA,NA,NA,NA,NA,NA,0,1
"298","530_Fm2_m_Marginal","Lek3_2021_530_m","GLb|GY","Marginal",NA,"Fm2","m",530,25,"7m","1_Lek3_7m","1_Lek3",1,238.833,10,1,6,0,0,0,0,6,0,0,0,1,9,6,6,6,0,6,0,NA,0,0,1671,0,0,0,0,0,0,0,0,1,2,1,1,24.79,26.43,NA,NA,NA,NA,NA,NA,39,1
"299","530_Fm2_m_Marginal","Lek3_2021_530_m","GO|LbY","Marginal",NA,"Fm2","m",530,25,"7m","1_Lek3_7m","1_Lek3",0,0,0,0,6,0,0,0,0,0,0,0,0,0,0,0,0,0,0,0,0,NA,0,0,0,0,0,0,0,0,0,0,0,1,1,0,0,NA,NA,NA,NA,NA,NA,NA,NA,0,1
"300","530_Fm2_m_Marginal","Lek3_2021_530_m","YO|OO","Marginal",NA,"Fm2","m",530,25,"7m","1_Lek3_7m","1_Lek3",0,0,0,0,1,0,0,0,0,0,0,0,0,0,0,0,0,0,0,0,0,NA,0,0,0,0,0,0,0,0,0,0,0,1,3,0,0,NA,NA,NA,NA,NA,NA,NA,NA,0,1
"301","531_Fm1_a_Satellite","Lek1_2021_531_a","DbLb|LbY","Satellite",NA,"Fm1","a",531,26,"7a","1_Lek1_7a","1_Lek1",1,1220.016,4,1,6,0,0,0,5,0,5,1,1,1,26,6,5,0,72,5,1250,1,1,1,382,0,0,0,1,1799.692,2,29.181,1,2,1,0,1,14.9,13.5,NA,NA,NA,NA,1799.69,NA,761.5,1
"302","531_Fm1_a_Satellite","Lek1_2021_531_a","RG|LbDb","Satellite",NA,"Fm1","a",531,26,"7a","1_Lek1_7a","1_Lek1",0,0,0,0,1,0,0,0,0,0,0,0,0,0,0,0,0,0,0,0,0,0,0,1,0,0,0,0,0,0,0,0,0,2,2,0,0,NA,NA,NA,NA,NA,NA,NA,NA,0,1
"303","531_Fm1_a_Satellite","Lek1_2021_531_a","XO|XX","Satellite",NA,"Fm1","a",531,26,"7a","1_Lek1_7a","1_Lek1",0,0,0,0,2,0,0,0,0,0,0,0,0,0,0,0,0,0,0,0,0,0,0,1,0,0,0,0,0,0,0,0,0,2,3,0,0,NA,NA,NA,NA,NA,NA,NA,NA,0,1
"304","531_Fm1_m_Satellite","Lek1_2021_531_m","DbLb|LbY","Satellite",NA,"Fm1","m",531,26,"7m","1_Lek1_7m","1_Lek1",0,0,0,0,6,0,0,0,0,0,0,0,0,0,0,0,0,0,28,0,508,1,1,1,1174,0,0,0,1,1800.366,3,307.595,1,0,1,0,0,26.01,24.34,NA,NA,NA,NA,1800.37,NA,0,1
"305","531_Fm1_m_Satellite","Lek1_2021_531_m","RG|LbDb","Satellite",NA,"Fm1","m",531,26,"7m","1_Lek1_7m","1_Lek1",0,0,0,0,0,0,0,0,0,0,0,0,0,0,0,0,0,0,0,0,0,0,0,1,0,0,0,0,0,0,0,0,0,0,3,0,0,NA,NA,NA,NA,NA,NA,NA,NA,0,1
"306","531_Fm1_m_Satellite","Lek1_2021_531_m","XO|XX","Satellite",NA,"Fm1","m",531,26,"7m","1_Lek1_7m","1_Lek1",0,0,0,0,1,0,0,0,0,0,0,0,0,0,0,0,0,0,0,0,0,0,0,1,0,0,0,0,0,0,0,0,0,0,2,0,0,NA,NA,NA,NA,NA,NA,NA,NA,0,1
"307","531_Fm2_a_Marginal","Lek3_2021_531_a","BlW|PP","Marginal",NA,"Fm2","a",531,26,"7a","1_Lek3_7a","1_Lek3",0,0,0,0,0,0,0,0,0,0,0,0,0,0,0,0,0,0,0,0,0,NA,0,0,0,0,0,0,0,0,0,0,0,0,3,0,0,NA,NA,NA,NA,NA,NA,NA,NA,0,1
"308","531_Fm2_a_Marginal","Lek3_2021_531_a","GLb|GY","Marginal",NA,"Fm2","a",531,26,"7a","1_Lek3_7a","1_Lek3",1,37.677,1,1,3,0,0,0,0,0,0,0,0,0,0,0,0,0,0,0,0,NA,0,0,1641,0,0,0,0,0,0,0,0,0,1,0,0,29.73,21.44,NA,NA,NA,NA,NA,NA,37.7,1
"309","531_Fm2_a_Marginal","Lek3_2021_531_a","GO|LbY","Marginal",NA,"Fm2","a",531,26,"7a","1_Lek3_7a","1_Lek3",0,0,0,0,2,0,0,0,0,0,0,0,0,0,0,0,0,0,0,0,0,NA,0,0,0,0,0,0,0,0,0,0,0,0,2,0,0,NA,NA,NA,NA,NA,NA,NA,NA,0,1
"310","531_Fm2_m_Marginal","Lek3_2021_531_m","GLb|GY","Marginal",NA,"Fm2","m",531,26,"7m","1_Lek3_7m","1_Lek3",1,38.141,3,1,6,0,0,0,0,2,0,0,0,1,3,2,2,2,0,2,0,NA,0,0,1514,0,0,0,0,0,0,0,0,1,2,1,1,19.69,23.2,NA,NA,NA,NA,NA,NA,14.3,1
"311","531_Fm2_m_Marginal","Lek3_2021_531_m","GO|LbY","Marginal",NA,"Fm2","m",531,26,"7m","1_Lek3_7m","1_Lek3",0,0,0,0,0,0,0,0,0,0,0,0,0,0,0,0,0,0,0,0,0,NA,0,0,0,0,0,0,0,0,0,0,0,1,1,0,0,NA,NA,NA,NA,NA,NA,NA,NA,0,1
"312","531_Fm2_m_Marginal","Lek3_2021_531_m","YO|OO","Marginal",NA,"Fm2","m",531,26,"7m","1_Lek3_7m","1_Lek3",0,0,0,0,0,0,0,0,0,0,0,0,0,0,0,0,0,0,0,0,0,NA,0,0,0,0,0,0,0,0,0,0,0,1,3,0,0,NA,NA,NA,NA,NA,NA,NA,NA,0,1
"313","601_Fm1_a_Satellite","Lek1_2021_601_a","DbLb|LbY","Satellite",NA,"Fm1","a",601,27,"7a","1_Lek1_7a","1_Lek1",1,22.115,1,1,6,0,0,1,2,0,3,0,0,1,2,3,3,0,46,3,1635,1,1,1,95,0,0,0,1,1800.039,4,356.162,1,2,1,0,1,14.34,6.16,NA,NA,NA,NA,1800.04,NA,22.1,1
"314","601_Fm1_a_Satellite","Lek1_2021_601_a","RG|LbDb","Satellite",NA,"Fm1","a",601,27,"7a","1_Lek1_7a","1_Lek1",0,0,0,0,1,0,0,0,0,0,0,0,0,0,0,0,0,0,0,0,0,0,0,1,0,0,0,0,0,0,0,0,0,2,3,0,0,NA,NA,NA,NA,NA,NA,NA,NA,0,1
"315","601_Fm1_a_Satellite","Lek1_2021_601_a","XO|XX","Satellite",NA,"Fm1","a",601,27,"7a","1_Lek1_7a","1_Lek1",0,0,0,0,1,0,0,0,0,0,0,0,0,0,0,0,0,0,0,0,0,0,0,1,0,0,0,0,0,0,0,0,0,2,2,0,0,NA,NA,NA,NA,NA,NA,NA,NA,0,1
"316","601_Fm1_m_Satellite","Lek1_2021_601_m","DbLb|LbY","Satellite",NA,"Fm1","m",601,27,"7m","1_Lek1_7m","1_Lek1",1,67.777,4,1,6,0,0,0,0,0,0,0,0,0,0,0,0,0,74,0,1676,1,1,1,52,1,0,0,1,1797.955,10,847.985,1,0,1,0,0,2.975,3.32,2.75,NA,NA,NA,1797.95,NA,37.8,1
"317","601_Fm1_m_Satellite","Lek1_2021_601_m","RG|LbDb","Satellite",NA,"Fm1","m",601,27,"7m","1_Lek1_7m","1_Lek1",0,0,0,0,2,0,0,0,0,0,0,0,0,0,0,0,0,0,0,0,0,0,0,1,0,0,0,0,0,0,0,0,0,0,2,0,0,NA,NA,NA,NA,NA,NA,NA,NA,0,1
"318","601_Fm1_m_Satellite","Lek1_2021_601_m","XO|XX","Satellite",NA,"Fm1","m",601,27,"7m","1_Lek1_7m","1_Lek1",0,0,0,0,1,0,0,0,0,0,0,0,0,0,0,0,0,0,0,0,0,0,0,1,0,0,0,0,0,0,0,0,0,0,3,0,0,NA,NA,NA,NA,NA,NA,NA,NA,0,1
"319","601_Fm2_a_Marginal","Lek3_2021_601_a","BlW|PP","Marginal",NA,"Fm2","a",601,27,"7a","1_Lek3_7a","1_Lek3",0,0,0,0,2,0,0,0,0,0,0,0,0,0,0,0,0,0,0,0,0,NA,0,0,0,0,0,0,0,0,0,0,0,1,3,0,0,NA,NA,NA,NA,NA,NA,NA,NA,0,1
"320","601_Fm2_a_Marginal","Lek3_2021_601_a","GLb|GY","Marginal",NA,"Fm2","a",601,27,"7a","1_Lek3_7a","1_Lek3",2,142.662,5,1,6,0,0,0,0,3,0,2,5,2,13,8,3,3,0,3,0,NA,0,0,1738,0,0,0,0,0,0,0,0,1,1,1,1,29.25,34.59,NA,NA,NA,NA,NA,NA,97.9,1
"321","601_Fm2_a_Marginal","Lek3_2021_601_a","GO|LbY","Marginal",NA,"Fm2","a",601,27,"7a","1_Lek3_7a","1_Lek3",0,0,0,0,6,0,0,0,0,0,0,0,0,0,0,0,0,0,0,0,0,NA,0,0,0,0,0,0,0,0,0,0,0,1,2,0,0,NA,NA,NA,NA,NA,NA,NA,NA,0,1
"322","601_Fm2_m_Marginal","Lek3_2021_601_m","BlW|PP","Marginal",NA,"Fm2","m",601,27,"7m","1_Lek3_7m","1_Lek3",0,0,0,0,0,0,0,0,0,0,0,0,0,0,0,0,0,0,0,0,0,NA,0,0,0,0,0,0,0,0,0,0,0,1,3,0,0,NA,NA,NA,NA,NA,NA,NA,NA,0,1
"323","601_Fm2_m_Marginal","Lek3_2021_601_m","GLb|GY","Marginal",NA,"Fm2","m",601,27,"7m","1_Lek3_7m","1_Lek3",2,416.578,7,1,6,0,0,0,0,7,0,2,12,2,32,19,7,7,0,7,0,NA,0,0,1705,0,0,0,0,0,0,0,0,1,2,1,1,27.56,33.34,NA,NA,NA,NA,NA,NA,138,1
"324","601_Fm2_m_Marginal","Lek3_2021_601_m","GO|LbY","Marginal",NA,"Fm2","m",601,27,"7m","1_Lek3_7m","1_Lek3",0,0,0,0,5,0,0,0,0,0,0,0,0,0,0,0,0,0,0,0,0,NA,0,0,0,0,0,0,0,0,0,0,0,1,1,0,0,NA,NA,NA,NA,NA,NA,NA,NA,0,1
"325","602_Fm1_a_Marginal","Lek1_2021_602_a","DbLb|LbY","Marginal",NA,"Fm1","a",602,28,"7a","1_Lek1_7a","1_Lek1",2,220.278,7,1,6,1,0,0,0,8,1,1,1,2,10,10,9,8,0,9,0,NA,0,0,1665,0,0,0,0,0,0,0,0,1,1,1,1,32.73,51,NA,NA,NA,NA,NA,NA,42.8,1
"326","602_Fm1_a_Marginal","Lek1_2021_602_a","RG|LbDb","Marginal",NA,"Fm1","a",602,28,"7a","1_Lek1_7a","1_Lek1",0,0,0,0,2,0,0,0,0,0,0,0,0,0,0,0,0,0,0,0,0,NA,0,0,0,0,0,0,0,0,0,0,0,1,3,0,0,NA,NA,NA,NA,NA,NA,NA,NA,0,1
"327","602_Fm1_a_Marginal","Lek1_2021_602_a","XO|XX","Marginal",NA,"Fm1","a",602,28,"7a","1_Lek1_7a","1_Lek1",0,0,0,0,0,0,0,0,0,0,0,0,0,0,0,0,0,0,0,0,0,NA,0,0,0,0,0,0,0,0,0,0,0,1,2,0,0,NA,NA,NA,NA,NA,NA,NA,NA,0,1
"328","602_Fm1_m_Marginal","Lek1_2021_602_m","DbLb|LbY","Marginal",NA,"Fm1","m",602,28,"7m","1_Lek1_7m","1_Lek1",1,95.993,2,1,6,0,0,0,0,6,0,1,2,1,8,8,6,6,0,6,0,NA,0,0,1555,0,0,0,0,0,0,0,0,1,1,1,1,19.77,17.19,NA,NA,NA,NA,NA,NA,59.8,1
"329","602_Fm1_m_Marginal","Lek1_2021_602_m","RG|LbDb","Marginal",NA,"Fm1","m",602,28,"7m","1_Lek1_7m","1_Lek1",0,0,0,0,1,0,0,0,0,0,0,0,0,0,0,0,0,0,0,0,0,NA,0,0,0,0,0,0,0,0,0,0,0,1,2,0,0,NA,NA,NA,NA,NA,NA,NA,NA,0,1
"330","602_Fm1_m_Marginal","Lek1_2021_602_m","XO|XX","Marginal",NA,"Fm1","m",602,28,"7m","1_Lek1_7m","1_Lek1",0,0,0,0,0,0,0,0,0,0,0,0,0,0,0,0,0,0,0,0,0,NA,0,0,0,0,0,0,0,0,0,0,0,1,3,0,0,NA,NA,NA,NA,NA,NA,NA,NA,0,1
"331","602_Fm2_a_Satellite","Lek3_2021_602_a","BlW|PP","Satellite",NA,"Fm2","a",602,28,"7a","1_Lek3_7a","1_Lek3",0,0,0,0,1,0,0,0,0,0,0,0,0,0,0,0,0,0,0,0,0,0,0,1,0,0,0,0,0,0,0,0,0,2,3,0,0,NA,NA,NA,NA,NA,NA,NA,NA,0,1
"332","602_Fm2_a_Satellite","Lek3_2021_602_a","GLb|GY","Satellite",NA,"Fm2","a",602,28,"7a","1_Lek3_7a","1_Lek3",2,1200.354,12,1,6,0,0,0,1,1,1,1,1,2,38,3,2,1,26,2,1542,1,1,1,175,0,0,0,1,1797.85,7,106.748,1,2,1,1,1,18.55,47.2,NA,NA,NA,NA,1797.85,NA,395.8,1
"333","602_Fm2_a_Satellite","Lek3_2021_602_a","GO|LbY","Satellite",NA,"Fm2","a",602,28,"7a","1_Lek3_7a","1_Lek3",1,35.809,1,1,3,0,0,0,0,1,0,1,4,1,7,5,1,1,0,1,0,0,0,1,0,0,0,0,0,0,0,0,0,2,2,1,1,NA,NA,NA,NA,NA,NA,NA,NA,35.8,1
"334","602_Fm2_m_Satellite","Lek3_2021_602_m","BlW|PP","Satellite",NA,"Fm2","m",602,28,"7m","1_Lek3_7m","1_Lek3",0,0,0,0,0,0,0,0,0,0,0,0,0,0,0,0,0,0,0,0,0,0,0,1,0,0,0,0,0,0,0,0,0,2,3,0,0,NA,NA,NA,NA,NA,NA,NA,NA,0,1
"335","602_Fm2_m_Satellite","Lek3_2021_602_m","GLb|GY","Satellite",NA,"Fm2","m",602,28,"7m","1_Lek3_7m","1_Lek3",2,349.44,6,1,6,0,0,0,0,1,0,0,0,1,7,1,1,1,75,1,1665,1,1,1,70,0,0,0,1,1794.504,1,1241.007,1,2,1,1,1,4.7,3.5,NA,NA,NA,NA,1794.5,NA,191.1,1
"336","602_Fm2_m_Satellite","Lek3_2021_602_m","GO|LbY","Satellite",NA,"Fm2","m",602,28,"7m","1_Lek3_7m","1_Lek3",0,0,0,0,2,0,0,0,0,0,0,0,0,0,0,0,0,0,0,0,0,0,0,1,0,0,0,0,0,0,0,0,0,2,2,0,0,NA,NA,NA,NA,NA,NA,NA,NA,0,1
"337","603_Fm1_a_Marginal","Lek1_2021_603_a","DbLb|LbY","Marginal",NA,"Fm1","a",603,29,"7a","1_Lek1_7a","1_Lek1",1,75.176,3,1,5,0,0,0,0,4,0,0,0,1,1,4,4,4,0,4,0,NA,0,0,1755,0,0,0,0,0,0,0,0,1,1,1,1,16.18,16.94,NA,NA,NA,NA,NA,NA,49.9,1
"338","603_Fm1_a_Marginal","Lek1_2021_603_a","RG|LbDb","Marginal",NA,"Fm1","a",603,29,"7a","1_Lek1_7a","1_Lek1",0,0,0,0,0,0,0,0,0,0,0,0,0,0,0,0,0,0,0,0,0,NA,0,0,0,0,0,0,0,0,0,0,0,1,3,0,0,NA,NA,NA,NA,NA,NA,NA,NA,0,1
"339","603_Fm1_a_Marginal","Lek1_2021_603_a","XO|XX","Marginal",NA,"Fm1","a",603,29,"7a","1_Lek1_7a","1_Lek1",0,0,0,0,1,0,0,0,0,0,0,0,0,0,0,0,0,0,0,0,0,NA,0,0,0,0,0,0,0,0,0,0,0,1,2,0,0,NA,NA,NA,NA,NA,NA,NA,NA,0,1
"340","603_Fm1_m_Marginal","Lek1_2021_603_m","DbLb|LbY","Marginal",NA,"Fm1","m",603,29,"7m","1_Lek1_7m","1_Lek1",1,85.115,5,1,6,0,0,0,0,4,0,2,2,2,7,6,4,4,0,4,0,NA,0,0,1728,0,0,0,0,0,0,0,0,1,1,1,1,26.85,28.8,NA,NA,NA,NA,NA,NA,24.4,1
"341","603_Fm1_m_Marginal","Lek1_2021_603_m","RG|LbDb","Marginal",NA,"Fm1","m",603,29,"7m","1_Lek1_7m","1_Lek1",0,0,0,0,0,0,0,0,0,0,0,0,0,0,0,0,0,0,0,0,0,NA,0,0,0,0,0,0,0,0,0,0,0,1,2,0,0,NA,NA,NA,NA,NA,NA,NA,NA,0,1
"342","603_Fm1_m_Marginal","Lek1_2021_603_m","XO|XX","Marginal",NA,"Fm1","m",603,29,"7m","1_Lek1_7m","1_Lek1",0,0,0,0,1,0,0,0,0,0,0,0,0,0,0,0,0,0,0,0,0,NA,0,0,0,0,0,0,0,0,0,0,0,1,3,0,0,NA,NA,NA,NA,NA,NA,NA,NA,0,1
"343","603_Fm2_a_Satellite","Lek3_2021_603_a","BlW|PP","Satellite",NA,"Fm2","a",603,29,"7a","1_Lek3_7a","1_Lek3",0,0,0,0,0,0,0,0,0,0,0,0,0,0,0,0,0,0,0,0,0,0,0,1,0,0,0,0,0,0,0,0,0,0,3,0,0,NA,NA,NA,NA,NA,NA,NA,NA,0,1
"344","603_Fm2_a_Satellite","Lek3_2021_603_a","GLb|GY","Satellite",NA,"Fm2","a",603,29,"7a","1_Lek3_7a","1_Lek3",1,20.523,2,1,6,0,0,0,0,0,0,0,0,1,1,0,0,0,44,0,1524,1,1,1,263,0,0,0,1,1799.898,0,0,0,0,1,0,0,10.76,5.51,NA,NA,NA,NA,1799.9,NA,14.2,1
"345","603_Fm2_a_Satellite","Lek3_2021_603_a","GO|LbY","Satellite",NA,"Fm2","a",603,29,"7a","1_Lek3_7a","1_Lek3",0,0,0,0,3,0,0,0,0,0,0,0,0,0,0,0,0,0,0,0,0,0,0,1,0,0,0,0,0,0,0,0,0,0,2,0,0,NA,NA,NA,NA,NA,NA,NA,NA,0,1
"346","603_Fm2_m_Satellite","Lek3_2021_603_m","BlW|PP","Satellite",NA,"Fm2","m",603,29,"7m","1_Lek3_7m","1_Lek3",0,0,0,0,1,0,0,0,0,0,0,0,0,0,0,0,0,0,0,0,0,0,0,1,0,0,0,0,0,0,0,0,0,2,2,0,0,NA,NA,NA,NA,NA,NA,NA,NA,0,1
"347","603_Fm2_m_Satellite","Lek3_2021_603_m","GLb|GY","Satellite",NA,"Fm2","m",603,29,"7m","1_Lek3_7m","1_Lek3",1,59.668,3,1,6,0,0,0,0,2,0,1,2,1,7,4,2,2,73,2,1463,1,1,1,314,0,0,0,1,1794.762,16,917.04,1,2,1,1,1,9.22,8.72,NA,NA,NA,NA,1794.76,NA,24.4,1
"348","603_Fm2_m_Satellite","Lek3_2021_603_m","GO|LbY","Satellite",NA,"Fm2","m",603,29,"7m","1_Lek3_7m","1_Lek3",0,0,0,0,1,0,0,0,0,0,0,0,0,0,0,0,0,0,0,0,0,0,0,1,0,0,0,0,0,0,0,0,0,2,3,0,0,NA,NA,NA,NA,NA,NA,NA,NA,0,1
"349","604_Fm1_a_Marginal","Lek1_2021_604_a","DbLb|LbY","Marginal",NA,"Fm1","a",604,30,"7a","1_Lek1_7a","1_Lek1",1,231.36,10,1,6,0,0,0,0,11,0,2,3,2,17,14,11,11,0,11,0,NA,0,0,1637,0,0,0,0,0,0,0,0,1,1,1,1,25.97,19.84,NA,NA,NA,NA,NA,NA,94.5,1
"350","604_Fm1_a_Marginal","Lek1_2021_604_a","RG|LbDb","Marginal",NA,"Fm1","a",604,30,"7a","1_Lek1_7a","1_Lek1",0,0,0,0,4,0,0,0,0,0,0,0,0,0,0,0,0,0,0,0,0,NA,0,0,0,0,0,0,0,0,0,0,0,1,3,0,0,NA,NA,NA,NA,NA,NA,NA,NA,0,1
"351","604_Fm1_a_Marginal","Lek1_2021_604_a","XO|XX","Marginal",NA,"Fm1","a",604,30,"7a","1_Lek1_7a","1_Lek1",0,0,0,0,1,0,0,0,0,0,0,0,0,0,0,0,0,0,0,0,0,NA,0,0,0,0,0,0,0,0,0,0,0,1,2,0,0,NA,NA,NA,NA,NA,NA,NA,NA,0,1
"352","604_Fm1_m_Marginal","Lek1_2021_604_m","DbLb|LbY","Marginal",NA,"Fm1","m",604,30,"7m","1_Lek1_7m","1_Lek1",2,575.04,12,1,6,1,0,0,0,11,1,1,4,2,43,16,12,11,0,12,0,NA,0,0,1616,0,0,0,0,0,0,0,0,1,1,1,1,16.52,17.1,NA,NA,NA,NA,NA,NA,277.1,1
"353","604_Fm1_m_Marginal","Lek1_2021_604_m","RG|LbDb","Marginal",NA,"Fm1","m",604,30,"7m","1_Lek1_7m","1_Lek1",0,0,0,0,4,0,0,0,0,0,0,0,0,0,0,0,0,0,0,0,0,NA,0,0,0,0,0,0,0,0,0,0,0,1,2,0,0,NA,NA,NA,NA,NA,NA,NA,NA,0,1
"354","604_Fm1_m_Marginal","Lek1_2021_604_m","XO|XX","Marginal",NA,"Fm1","m",604,30,"7m","1_Lek1_7m","1_Lek1",0,0,0,0,0,0,0,0,0,0,0,0,0,0,0,0,0,0,0,0,0,NA,0,0,0,0,0,0,0,0,0,0,0,1,3,0,0,NA,NA,NA,NA,NA,NA,NA,NA,0,1
"355","604_Fm2_a_Satellite","Lek3_2021_604_a","BlW|PP","Satellite",NA,"Fm2","a",604,30,"7a","1_Lek3_7a","1_Lek3",0,0,0,0,1,0,0,0,0,0,0,0,0,0,0,0,0,0,0,0,0,0,0,1,0,0,0,0,0,0,0,0,0,0,2,0,0,NA,NA,NA,NA,NA,NA,NA,NA,0,1
"356","604_Fm2_a_Satellite","Lek3_2021_604_a","GLb|GY","Satellite",NA,"Fm2","a",604,30,"7a","1_Lek3_7a","1_Lek3",2,721.654,6,1,6,0,0,0,0,0,0,1,1,1,7,1,0,0,50,0,1481,1,1,1,170,0,0,0,1,1799.244,19,290.976,1,0,1,0,0,15.59,11.76,NA,NA,NA,NA,1799.24,NA,294.3,1
"357","604_Fm2_a_Satellite","Lek3_2021_604_a","GO|LbY","Satellite",NA,"Fm2","a",604,30,"7a","1_Lek3_7a","1_Lek3",0,0,0,0,4,0,0,0,0,0,0,0,0,0,0,0,0,0,0,0,0,0,0,1,0,0,0,0,0,0,0,0,0,0,3,0,0,NA,NA,NA,NA,NA,NA,NA,NA,0,1
"358","604_Fm2_m_Satellite","Lek3_2021_604_m","BlW|PP","Satellite",NA,"Fm2","m",604,30,"7m","1_Lek3_7m","1_Lek3",0,0,0,0,0,0,0,0,0,0,0,0,0,0,0,0,0,0,0,0,0,0,0,1,0,0,0,0,0,0,0,0,0,0,2,0,0,NA,NA,NA,NA,NA,NA,NA,NA,0,1
"359","604_Fm2_m_Satellite","Lek3_2021_604_m","GLb|GY","Satellite",NA,"Fm2","m",604,30,"7m","1_Lek3_7m","1_Lek3",2,661.859,9,1,6,0,0,0,0,0,0,0,0,1,13,0,0,0,69,0,1625,1,1,1,50,0,1,5.999,1,1793.192,7,1789.265,1,0,1,0,0,8.53,7.31,NA,NA,6,NA,1793.19,NA,237.5,1
"360","604_Fm2_m_Satellite","Lek3_2021_604_m","GO|LbY","Satellite",NA,"Fm2","m",604,30,"7m","1_Lek3_7m","1_Lek3",0,0,0,0,3,0,0,0,0,0,0,0,0,0,0,0,0,0,0,0,0,0,0,1,0,0,0,0,0,0,0,0,0,0,3,0,0,NA,NA,NA,NA,NA,NA,NA,NA,0,1
